id	created_at	updated_at	generic_name
1	2024-03-23 11:30:37.709775-04	2024-03-23 11:30:37.709775-04	LAMIVUDINE
2	2024-03-23 11:30:37.709775-04	2024-03-23 11:30:37.709775-04	ABACAVIR
3	2024-03-23 11:30:37.709775-04	2024-03-23 11:30:37.709775-04	ABACAVIR SULFATE; LAMIVUDINE
4	2024-03-23 11:30:37.709775-04	2024-03-23 11:30:37.709775-04	ABACAVIR SULPHATE
5	2024-03-23 11:30:37.709775-04	2024-03-23 11:30:37.709775-04	ABACAVIR SULPHATE; LAMIVUDINE
6	2024-03-23 11:30:37.709775-04	2024-03-23 11:30:37.709775-04	ABACAVIR SULPHATE; LAMIVUDINE; ZIDOVUDINE
7	2024-03-23 11:30:37.709775-04	2024-03-23 11:30:37.709775-04	ABACAVIR; DOLUTEGRAVIR; LAMIVUDINE
8	2024-03-23 11:30:37.709775-04	2024-03-23 11:30:37.709775-04	ABACAVIR; LAMIVUDINE
9	2024-03-23 11:30:37.709775-04	2024-03-23 11:30:37.709775-04	PURIFIED VERO CELL RABIES
10	2024-03-23 11:30:37.709775-04	2024-03-23 11:30:37.709775-04	HYDROCHLOROTHIAZIDE; IRBESARTAN
11	2024-03-23 11:30:37.709775-04	2024-03-23 11:30:37.709775-04	ALBENDAZOLE
12	2024-03-23 11:30:37.709775-04	2024-03-23 11:30:37.709775-04	HYDROCHLOROTHIAZIDE; QUINAPRIL HYDROCHLORIDE
13	2024-03-23 11:30:37.709775-04	2024-03-23 11:30:37.709775-04	ACETAZOLAMIDE
14	2024-03-23 11:30:37.709775-04	2024-03-23 11:30:37.709775-04	ACYCLOVIR
15	2024-03-23 11:30:37.709775-04	2024-03-23 11:30:37.709775-04	ACECLOFENAC
16	2024-03-23 11:30:37.709775-04	2024-03-23 11:30:37.709775-04	DOLUTEGRAVIR; LAMIVUDINE; TENOFOVIR DISOPROXIL FUMARATE
17	2024-03-23 11:30:37.709775-04	2024-03-23 11:30:37.709775-04	ALUMINIUM HYDROXIDE
18	2024-03-23 11:30:37.709775-04	2024-03-23 11:30:37.709775-04	PSEUDOEPHEDINE HYDROCHLORIDE; TRIPROLIDINE HYDROCHLORIDE
19	2024-03-23 11:30:37.709775-04	2024-03-23 11:30:37.709775-04	INSULIN HUMAN
20	2024-03-23 11:30:37.709775-04	2024-03-23 11:30:37.709775-04	BIO-SYNTHETIC BIPHASIC HUMAN INSULIN
21	2024-03-23 11:30:37.709775-04	2024-03-23 11:30:37.709775-04	BIO-SYNTHETIC HUMAN SOLUBLE INSULIN
22	2024-03-23 11:30:37.709775-04	2024-03-23 11:30:37.709775-04	NIFEDIPINE
23	2024-03-23 11:30:37.709775-04	2024-03-23 11:30:37.709775-04	CIPROFLOXACIN
24	2024-03-23 11:30:37.709775-04	2024-03-23 11:30:37.709775-04	AMOXICILLIN
25	2024-03-23 11:30:37.709775-04	2024-03-23 11:30:37.709775-04	ATORVASTATIN CALCIUM
26	2024-03-23 11:30:37.709775-04	2024-03-23 11:30:37.709775-04	CETIRIZINE HYDROCHLORIDE
27	2024-03-23 11:30:37.709775-04	2024-03-23 11:30:37.709775-04	CIMETIDINE
28	2024-03-23 11:30:37.709775-04	2024-03-23 11:30:37.709775-04	CLOTRIMAZOLE
29	2024-03-23 11:30:37.709775-04	2024-03-23 11:30:37.709775-04	CAFFEINE; CODEINE PHOSPHATE; DOXYLAMINE SUCCINATE; PARACETAMOL
30	2024-03-23 11:30:37.709775-04	2024-03-23 11:30:37.709775-04	EFAVIRENZ
31	2024-03-23 11:30:37.709775-04	2024-03-23 11:30:37.709775-04	INDOMETHACIN
32	2024-03-23 11:30:37.709775-04	2024-03-23 11:30:37.709775-04	MEFENAMIC ACID
33	2024-03-23 11:30:37.709775-04	2024-03-23 11:30:37.709775-04	PIROXICAM
34	2024-03-23 11:30:37.709775-04	2024-03-23 11:30:37.709775-04	NALIDIXIC ACID
35	2024-03-23 11:30:37.709775-04	2024-03-23 11:30:37.709775-04	ZIDOVUDINE
36	2024-03-23 11:30:37.709775-04	2024-03-23 11:30:37.709775-04	MULTINGREDIENT
37	2024-03-23 11:30:37.709775-04	2024-03-23 11:30:37.709775-04	ADRENALINE ACID TARTRATE
38	2024-03-23 11:30:37.709775-04	2024-03-23 11:30:37.709775-04	DOXORUBICIN HYDROCHLORIDE
39	2024-03-23 11:30:37.709775-04	2024-03-23 11:30:37.709775-04	TETANUS TOXOID ADSORBED
40	2024-03-23 11:30:37.709775-04	2024-03-23 11:30:37.709775-04	CAMPHORATED OPIUM TINCTURE
41	2024-03-23 11:30:37.709775-04	2024-03-23 11:30:37.709775-04	EVEROLIMUS
42	2024-03-23 11:30:37.709775-04	2024-03-23 11:30:37.709775-04	OXYGEN
43	2024-03-23 11:30:37.709775-04	2024-03-23 11:30:37.709775-04	ALBUMIN
44	2024-03-23 11:30:37.709775-04	2024-03-23 11:30:37.709775-04	SPIRONOLACTONE
45	2024-03-23 11:30:37.709775-04	2024-03-23 11:30:37.709775-04	ALFUZOSIN HYDROCHLORIDE
46	2024-03-23 11:30:37.709775-04	2024-03-23 11:30:37.709775-04	DOXYCYCLINE
47	2024-03-23 11:30:37.709775-04	2024-03-23 11:30:37.709775-04	CHLORPHENIRAMINE MALEATE
48	2024-03-23 11:30:37.709775-04	2024-03-23 11:30:37.709775-04	SODIUM CROMOGLYCATE
49	2024-03-23 11:30:37.709775-04	2024-03-23 11:30:37.709775-04	HYDROCORTISONE
50	2024-03-23 11:30:37.709775-04	2024-03-23 11:30:37.709775-04	MEPYRAMINE MALEATE
51	2024-03-23 11:30:37.709775-04	2024-03-23 11:30:37.709775-04	ALLOPURINOL
52	2024-03-23 11:30:37.709775-04	2024-03-23 11:30:37.709775-04	LOPINAVIR; RITONAVIR
53	2024-03-23 11:30:37.709775-04	2024-03-23 11:30:37.709775-04	DICLOFENAC SODIUM
54	2024-03-23 11:30:37.709775-04	2024-03-23 11:30:37.709775-04	PYRIMETHAMINE; SULFADOXINE
55	2024-03-23 11:30:37.709775-04	2024-03-23 11:30:37.709775-04	GLIMEPIRIDE
56	2024-03-23 11:30:37.709775-04	2024-03-23 11:30:37.709775-04	METRONIDAZOLE
57	2024-03-23 11:30:37.709775-04	2024-03-23 11:30:37.709775-04	AMLODIPINE
58	2024-03-23 11:30:37.709775-04	2024-03-23 11:30:37.709775-04	AMILORIDE HYDROCHLORIDE
59	2024-03-23 11:30:37.709775-04	2024-03-23 11:30:37.709775-04	AMINOPHYLLINE
60	2024-03-23 11:30:37.709775-04	2024-03-23 11:30:37.709775-04	AMITRIPTYLINE HYDROCHLORIDE
61	2024-03-23 11:30:37.709775-04	2024-03-23 11:30:37.709775-04	AMLODIPINE BESYLATE
62	2024-03-23 11:30:37.709775-04	2024-03-23 11:30:37.709775-04	AMLODIPINE; TELMISARTAN
63	2024-03-23 11:30:37.709775-04	2024-03-23 11:30:37.709775-04	AMPHOTERICIN B
64	2024-03-23 11:30:37.709775-04	2024-03-23 11:30:37.709775-04	AMPICILLIN
65	2024-03-23 11:30:37.709775-04	2024-03-23 11:30:37.709775-04	AMPICILLIN SODIUM
66	2024-03-23 11:30:37.709775-04	2024-03-23 11:30:37.709775-04	ASPIRIN; CAFFEINE
67	2024-03-23 11:30:37.709775-04	2024-03-23 11:30:37.709775-04	CLOMIPRAMINE HYDROCHLORIDE
68	2024-03-23 11:30:37.709775-04	2024-03-23 11:30:37.709775-04	ANASTROZOLE
69	2024-03-23 11:30:37.709775-04	2024-03-23 11:30:37.709775-04	BENZYDAMINE HYDROCHLORIDE; CHLORHEXIDINE GLUCONATE
70	2024-03-23 11:30:37.709775-04	2024-03-23 11:30:37.709775-04	BENZYDAMINE HYDROCHLORIDE
71	2024-03-23 11:30:37.709775-04	2024-03-23 11:30:37.709775-04	BENZYDAMINE HYDROCHLORIDE; CETYLPYRIDINIUM CHLORIDE
72	2024-03-23 11:30:37.709775-04	2024-03-23 11:30:37.709775-04	SILDENAFIL
73	2024-03-23 11:30:37.709775-04	2024-03-23 11:30:37.709775-04	CAPTOPRIL
74	2024-03-23 11:30:37.709775-04	2024-03-23 11:30:37.709775-04	FLUMAZENIL
75	2024-03-23 11:30:37.709775-04	2024-03-23 11:30:37.709775-04	PARACETAMOL
76	2024-03-23 11:30:37.709775-04	2024-03-23 11:30:37.709775-04	PREGABALIN
77	2024-03-23 11:30:37.709775-04	2024-03-23 11:30:37.709775-04	BISMUTH OXIDE; BISMUTH SUBGALLATE; PERUBALSAM; ZINC OXIDE
78	2024-03-23 11:30:37.709775-04	2024-03-23 11:30:37.709775-04	ATAZANAVIR SULPHATE; RITONAVIR
79	2024-03-23 11:30:37.709775-04	2024-03-23 11:30:37.709775-04	ARTESUNATE; AMODIAQUINE HYDROCHLORIDE
80	2024-03-23 11:30:37.709775-04	2024-03-23 11:30:37.709775-04	BROMAZEPAM
81	2024-03-23 11:30:37.709775-04	2024-03-23 11:30:37.709775-04	BROMOCRIPTINE MESYLATE
82	2024-03-23 11:30:37.709775-04	2024-03-23 11:30:37.709775-04	CARBAMAZEPINE
83	2024-03-23 11:30:37.709775-04	2024-03-23 11:30:37.709775-04	HYDRALAZINE HYDROCHLORIDE
84	2024-03-23 11:30:37.709775-04	2024-03-23 11:30:37.709775-04	ISOSORBIDE DINITRATE
85	2024-03-23 11:30:37.709775-04	2024-03-23 11:30:37.709775-04	LORAZEPAM
86	2024-03-23 11:30:37.709775-04	2024-03-23 11:30:37.709775-04	NAPROXEN
87	2024-03-23 11:30:37.709775-04	2024-03-23 11:30:37.709775-04	TRIFLUOPERAZINE HYDROCHLORIDE
88	2024-03-23 11:30:37.709775-04	2024-03-23 11:30:37.709775-04	TRIHEXYPHENIDYL HYDOROCHLORIDE (BENZHEXOL)
89	2024-03-23 11:30:37.709775-04	2024-03-23 11:30:37.709775-04	FOSAPREPITANT DIMEGLUMINE
90	2024-03-23 11:30:37.709775-04	2024-03-23 11:30:37.709775-04	FUROSEMIDE
91	2024-03-23 11:30:37.709775-04	2024-03-23 11:30:37.709775-04	EMULSIFYING WAX; LIQUID PARFFIN; PARAFFIN SOFT WHITE
92	2024-03-23 11:30:37.709775-04	2024-03-23 11:30:37.709775-04	PAROXETINE HYDROCHLORIDE
93	2024-03-23 11:30:37.709775-04	2024-03-23 11:30:37.709775-04	ARTESUNATE
94	2024-03-23 11:30:37.709775-04	2024-03-23 11:30:37.709775-04	ARTEMETHER; LUMEFANTRINE
95	2024-03-23 11:30:37.709775-04	2024-03-23 11:30:37.709775-04	ARTEMETHER
96	2024-03-23 11:30:37.709775-04	2024-03-23 11:30:37.709775-04	CAFFEINE; PARACETAMOL; PHENYEPHRINE HYDROCHLORIDE
97	2024-03-23 11:30:37.709775-04	2024-03-23 11:30:37.709775-04	ASCORBIC ACID
98	2024-03-23 11:30:37.709775-04	2024-03-23 11:30:37.709775-04	SALBUTAMOL SULPHATE
99	2024-03-23 11:30:37.709775-04	2024-03-23 11:30:37.709775-04	WARFARIN SODIUM
100	2024-03-23 11:30:37.709775-04	2024-03-23 11:30:37.709775-04	ASPIRIN
101	2024-03-23 11:30:37.709775-04	2024-03-23 11:30:37.709775-04	ASPIRIN; CODEINE PHOSPHATE
102	2024-03-23 11:30:37.709775-04	2024-03-23 11:30:37.709775-04	MONTELUKAST SODIUM
103	2024-03-23 11:30:37.709775-04	2024-03-23 11:30:37.709775-04	DEFERASIROX
104	2024-03-23 11:30:37.709775-04	2024-03-23 11:30:37.709775-04	CANDESARTAN CILEXETIL
105	2024-03-23 11:30:37.709775-04	2024-03-23 11:30:37.709775-04	CANDESARTAN CILEXETIL; HYDROCHLOROTHIAZIDE
106	2024-03-23 11:30:37.709775-04	2024-03-23 11:30:37.709775-04	ATENOLOL
107	2024-03-23 11:30:37.709775-04	2024-03-23 11:30:37.709775-04	ATROPINE SULPHATE
108	2024-03-23 11:30:37.709775-04	2024-03-23 11:30:37.709775-04	AMOXICILLIN; CLAVULANATE POTASSIUM
109	2024-03-23 11:30:37.709775-04	2024-03-23 11:30:37.709775-04	PHENAZONE
110	2024-03-23 11:30:37.709775-04	2024-03-23 11:30:37.709775-04	ASCORBIC ACID; CYANOCOBALAMIN;  FERROUS FUMERATE; FOLIC ACID; INTRINSIC FACTOR
111	2024-03-23 11:30:37.709775-04	2024-03-23 11:30:37.709775-04	BUDESONIDE; FORMOTEROL FUMARATE DIHYDRATE
112	2024-03-23 11:30:37.709775-04	2024-03-23 11:30:37.709775-04	DOCETAXEL
113	2024-03-23 11:30:37.709775-04	2024-03-23 11:30:37.709775-04	GEMCITABINE
114	2024-03-23 11:30:37.709775-04	2024-03-23 11:30:37.709775-04	CARBOPLATIN
115	2024-03-23 11:30:37.709775-04	2024-03-23 11:30:37.709775-04	EPIRUBICIN HYDROCHLORIDE
116	2024-03-23 11:30:37.709775-04	2024-03-23 11:30:37.709775-04	FLUTICASONE PROPIONATE; SALMETEROL XINAFOATE
117	2024-03-23 11:30:37.709775-04	2024-03-23 11:30:37.709775-04	BEVACIZUMAB
118	2024-03-23 11:30:37.709775-04	2024-03-23 11:30:37.709775-04	MISOPROSTOL
119	2024-03-23 11:30:37.709775-04	2024-03-23 11:30:37.709775-04	SILDENAFIL CITRATE
120	2024-03-23 11:30:37.709775-04	2024-03-23 11:30:37.709775-04	LAMIVUDINE; ZIDOVUDINE
121	2024-03-23 11:30:37.709775-04	2024-03-23 11:30:37.709775-04	LAMIVUDINE; NEVIRAPINE; ZIDOVUDINE
122	2024-03-23 11:30:37.709775-04	2024-03-23 11:30:37.709775-04	EFAVIRENZ; LAMIVUDINE; TENOFOVIR DISOPROXIL FUMERATE
123	2024-03-23 11:30:37.709775-04	2024-03-23 11:30:37.709775-04	FUSIDIC ACID
124	2024-03-23 11:30:37.709775-04	2024-03-23 11:30:37.709775-04	LORATIDINE
125	2024-03-23 11:30:37.709775-04	2024-03-23 11:30:37.709775-04	MICONAZOLE NITRATE
126	2024-03-23 11:30:37.709775-04	2024-03-23 11:30:37.709775-04	AZATHIOPRINE
127	2024-03-23 11:30:37.709775-04	2024-03-23 11:30:37.709775-04	RASAGILINE
128	2024-03-23 11:30:37.709775-04	2024-03-23 11:30:37.709775-04	KETOCONAZOLE
129	2024-03-23 11:30:37.709775-04	2024-03-23 11:30:37.709775-04	DEXTROSE
130	2024-03-23 11:30:37.709775-04	2024-03-23 11:30:37.709775-04	BACILLUS CALMETTEâ€“GUERIN
131	2024-03-23 11:30:37.709775-04	2024-03-23 11:30:37.709775-04	CILASTATIN SODIUM; IMIPENEM
132	2024-03-23 11:30:37.709775-04	2024-03-23 11:30:37.709775-04	WATER FOR INJECTION
133	2024-03-23 11:30:37.709775-04	2024-03-23 11:30:37.709775-04	MUPIROCIN
134	2024-03-23 11:30:37.709775-04	2024-03-23 11:30:37.709775-04	BECLOMETHASONE DIPROPIONATE
135	2024-03-23 11:30:37.709775-04	2024-03-23 11:30:37.709775-04	PYRIDOXINE HYDROCHLORIDE
136	2024-03-23 11:30:37.709775-04	2024-03-23 11:30:37.709775-04	SULPHAMETHOXAZOLE; TRIMETHOPRIM
137	2024-03-23 11:30:37.709775-04	2024-03-23 11:30:37.709775-04	BENDAMUSTINE HYDROCHLORIDE
138	2024-03-23 11:30:37.709775-04	2024-03-23 11:30:37.709775-04	HYDROCHLORIDE
139	2024-03-23 11:30:37.709775-04	2024-03-23 11:30:37.709775-04	OPHENADRINE CITRATE; PARACETAMOL
140	2024-03-23 11:30:37.709775-04	2024-03-23 11:30:37.709775-04	MEROPENEM
141	2024-03-23 11:30:37.709775-04	2024-03-23 11:30:37.709775-04	BETAMETHASONE DIPROPIONATE
142	2024-03-23 11:30:37.709775-04	2024-03-23 11:30:37.709775-04	POVIDONE IODINE
143	2024-03-23 11:30:37.709775-04	2024-03-23 11:30:37.709775-04	LEVOBUNOLOL HYDROCHLORIDE
144	2024-03-23 11:30:37.709775-04	2024-03-23 11:30:37.709775-04	METOPROLOL SUCCINATE
145	2024-03-23 11:30:37.709775-04	2024-03-23 11:30:37.709775-04	PSEUDOEPHEDRINE HYDROCHLORIDE; TRIPOLIDINE HYDROCHLORIDE
146	2024-03-23 11:30:37.709775-04	2024-03-23 11:30:37.709775-04	BETAMETHASONE VALERATE
147	2024-03-23 11:30:37.709775-04	2024-03-23 11:30:37.709775-04	BETAXOLOL HYDROCHLORIDE
148	2024-03-23 11:30:37.709775-04	2024-03-23 11:30:37.709775-04	TETANUS (ADSORBED)
149	2024-03-23 11:30:37.709775-04	2024-03-23 11:30:37.709775-04	BICALUTAMIDE
150	2024-03-23 11:30:37.709775-04	2024-03-23 11:30:37.709775-04	BISOPROLOL
151	2024-03-23 11:30:37.709775-04	2024-03-23 11:30:37.709775-04	PRAZIQUANTEL
152	2024-03-23 11:30:37.709775-04	2024-03-23 11:30:37.709775-04	FINASTERIDE
153	2024-03-23 11:30:37.709775-04	2024-03-23 11:30:37.709775-04	POLIO VIRUS (ORAL)
154	2024-03-23 11:30:37.709775-04	2024-03-23 11:30:37.709775-04	TRAZODONE
155	2024-03-23 11:30:37.709775-04	2024-03-23 11:30:37.709775-04	OXYTETRACYCLINE HYDROCHLORIDE
156	2024-03-23 11:30:37.709775-04	2024-03-23 11:30:37.709775-04	ABIRATERONE ACETATE
157	2024-03-23 11:30:37.709775-04	2024-03-23 11:30:37.709775-04	POLIO VIRUS (TYPE1; TYPES 3;  ORAL)
158	2024-03-23 11:30:37.709775-04	2024-03-23 11:30:37.709775-04	BLEOMYCIN
159	2024-03-23 11:30:37.709775-04	2024-03-23 11:30:37.709775-04	IBANDRONIC ACID
160	2024-03-23 11:30:37.709775-04	2024-03-23 11:30:37.709775-04	IBUPROFEN
161	2024-03-23 11:30:37.709775-04	2024-03-23 11:30:37.709775-04	MAGNESIUM CHLORIDE; POTASSIUM CHLORIDE; SODIUM CHLORIDE
162	2024-03-23 11:30:37.709775-04	2024-03-23 11:30:37.709775-04	MENOTROPHIN
163	2024-03-23 11:30:37.709775-04	2024-03-23 11:30:37.709775-04	BUPIVACANE HYDROCHLORIDE
164	2024-03-23 11:30:37.709775-04	2024-03-23 11:30:37.709775-04	BUPIVACAINE
165	2024-03-23 11:30:37.709775-04	2024-03-23 11:30:37.709775-04	ASCORBIC ACID; CALCIUM CARBONATE; CALCIUM LACTATE GLUCONATE
166	2024-03-23 11:30:37.709775-04	2024-03-23 11:30:37.709775-04	SULFAMETHOXAZOLE; TRIMETHOPRIM
167	2024-03-23 11:30:37.709775-04	2024-03-23 11:30:37.709775-04	ASPRIN; CAFFEINE
168	2024-03-23 11:30:37.709775-04	2024-03-23 11:30:37.709775-04	CAFFEINE
169	2024-03-23 11:30:37.709775-04	2024-03-23 11:30:37.709775-04	CALAMINE; ZINC OXIDE
170	2024-03-23 11:30:37.709775-04	2024-03-23 11:30:37.709775-04	CALCIUM CARBONATE; CALCIUM LACTATE GLUCONATE
171	2024-03-23 11:30:37.709775-04	2024-03-23 11:30:37.709775-04	CALCIUM CARBONATE
172	2024-03-23 11:30:37.709775-04	2024-03-23 11:30:37.709775-04	CAMPHOR
173	2024-03-23 11:30:37.709775-04	2024-03-23 11:30:37.709775-04	CYTARABINE
174	2024-03-23 11:30:37.709775-04	2024-03-23 11:30:37.709775-04	BECLOMETHASONE DIPROPIONATE; CLOTRIMAZOLE
175	2024-03-23 11:30:37.709775-04	2024-03-23 11:30:37.709775-04	ITRACONAZOLE
176	2024-03-23 11:30:37.709775-04	2024-03-23 11:30:37.709775-04	BIFONAZOLE
177	2024-03-23 11:30:37.709775-04	2024-03-23 11:30:37.709775-04	TOPOTECAN HYDROCHLORIDE
178	2024-03-23 11:30:37.709775-04	2024-03-23 11:30:37.709775-04	CAPECITABINE
179	2024-03-23 11:30:37.709775-04	2024-03-23 11:30:37.709775-04	CARVEDILOL
180	2024-03-23 11:30:37.709775-04	2024-03-23 11:30:37.709775-04	CARBOXY METHYL CELLULOSE SODIUM
181	2024-03-23 11:30:37.709775-04	2024-03-23 11:30:37.709775-04	HYDROCHLOROTHIAZIDE; VALSARTAN
182	2024-03-23 11:30:37.709775-04	2024-03-23 11:30:37.709775-04	TELMISARTAN
183	2024-03-23 11:30:37.709775-04	2024-03-23 11:30:37.709775-04	HYDROCHLOROTHIAZIDE; TELMISARTAN
184	2024-03-23 11:30:37.709775-04	2024-03-23 11:30:37.709775-04	DOXAZOSIN
185	2024-03-23 11:30:37.709775-04	2024-03-23 11:30:37.709775-04	CASPOFUNGIN
186	2024-03-23 11:30:37.709775-04	2024-03-23 11:30:37.709775-04	DICLOFENAC POTASSIUM
187	2024-03-23 11:30:37.709775-04	2024-03-23 11:30:37.709775-04	CEFACLOR
188	2024-03-23 11:30:37.709775-04	2024-03-23 11:30:37.709775-04	CEFALEXIN MONOHYDRATE
189	2024-03-23 11:30:37.709775-04	2024-03-23 11:30:37.709775-04	CEFTAZIDIME
190	2024-03-23 11:30:37.709775-04	2024-03-23 11:30:37.709775-04	CEFTRIAXONE SODIUM
191	2024-03-23 11:30:37.709775-04	2024-03-23 11:30:37.709775-04	CEFUROXIME AXETIL
192	2024-03-23 11:30:37.709775-04	2024-03-23 11:30:37.709775-04	CEFUROXIME SODIUM
193	2024-03-23 11:30:37.709775-04	2024-03-23 11:30:37.709775-04	CELECOXIB
194	2024-03-23 11:30:37.709775-04	2024-03-23 11:30:37.709775-04	BENZOCAINE; DEXTROMETHORPHAN; CETYLPYRIDINIUM CHLORIDE
195	2024-03-23 11:30:37.709775-04	2024-03-23 11:30:37.709775-04	CETYLPYRIDINIUM CHLRORIDE; BENZOCAINE
196	2024-03-23 11:30:37.709775-04	2024-03-23 11:30:37.709775-04	BENZYL ALCOHOL; CETYLPYRIDINIUM
197	2024-03-23 11:30:37.709775-04	2024-03-23 11:30:37.709775-04	CEFPODOXIME PROXETIL
198	2024-03-23 11:30:37.709775-04	2024-03-23 11:30:37.709775-04	ASPRIN; CLOPIDROGEL BISULPHATE
199	2024-03-23 11:30:37.709775-04	2024-03-23 11:30:37.709775-04	HUMAN PAPILLOMA VIRUS TYPES 16; 7; 18 (RECOMBINANT)
200	2024-03-23 11:30:37.709775-04	2024-03-23 11:30:37.709775-04	CETRIMIDE
201	2024-03-23 11:30:37.709775-04	2024-03-23 11:30:37.709775-04	VARENICLINE TARTRATE
202	2024-03-23 11:30:37.709775-04	2024-03-23 11:30:37.709775-04	CHLORAMPHENICOL
203	2024-03-23 11:30:37.709775-04	2024-03-23 11:30:37.709775-04	CHLORAMPHENICOL SODIUM SUCCINATE
204	2024-03-23 11:30:37.709775-04	2024-03-23 11:30:37.709775-04	CHLOROQUINE PHOSPHATE
205	2024-03-23 11:30:37.709775-04	2024-03-23 11:30:37.709775-04	CHLORPROMAZINE HYDROCHLORIDE
206	2024-03-23 11:30:37.709775-04	2024-03-23 11:30:37.709775-04	ESCITALOPRAM OXALATE
207	2024-03-23 11:30:37.709775-04	2024-03-23 11:30:37.709775-04	OFLOXACIN
208	2024-03-23 11:30:37.709775-04	2024-03-23 11:30:37.709775-04	CIPROFLOXACIN HYDROCHLORIDE
713	2024-03-23 11:30:37.709775-04	2024-03-23 11:30:37.709775-04	ZINC GLUCONATE
209	2024-03-23 11:30:37.709775-04	2024-03-23 11:30:37.709775-04	CIPROFOXACIN HYDROCHLORIDE
210	2024-03-23 11:30:37.709775-04	2024-03-23 11:30:37.709775-04	CIPROFLOXACIN LACTATE
211	2024-03-23 11:30:37.709775-04	2024-03-23 11:30:37.709775-04	CODEINE PHOSPHATE; IBUPROFEN; PARACETAMOL;
212	2024-03-23 11:30:37.709775-04	2024-03-23 11:30:37.709775-04	DISODIUM HYDROGEN CITRATE
213	2024-03-23 11:30:37.709775-04	2024-03-23 11:30:37.709775-04	CLARITHROMYCIN
214	2024-03-23 11:30:37.709775-04	2024-03-23 11:30:37.709775-04	AMOXYCILLIN TRIHYDRATE; POTASSIUM CLAVULANATE
215	2024-03-23 11:30:37.709775-04	2024-03-23 11:30:37.709775-04	CYPROTERONE ACETATE; OESTRADIOL VALERATE
216	2024-03-23 11:30:37.709775-04	2024-03-23 11:30:37.709775-04	CLINDAMYCIN
217	2024-03-23 11:30:37.709775-04	2024-03-23 11:30:37.709775-04	METOCLOPRAMIDE HYDROCHLORIDE
218	2024-03-23 11:30:37.709775-04	2024-03-23 11:30:37.709775-04	CLOXACILLIN
219	2024-03-23 11:30:37.709775-04	2024-03-23 11:30:37.709775-04	CLOXACILLIN SODIUM
220	2024-03-23 11:30:37.709775-04	2024-03-23 11:30:37.709775-04	COAL TAR
221	2024-03-23 11:30:37.709775-04	2024-03-23 11:30:37.709775-04	AMOXYCILLIN; CLAVULANIC ACID
222	2024-03-23 11:30:37.709775-04	2024-03-23 11:30:37.709775-04	COBICISTAT; DARUNAVIR
223	2024-03-23 11:30:37.709775-04	2024-03-23 11:30:37.709775-04	CODEINE PHOSPHATE; PARACETAMOL
224	2024-03-23 11:30:37.709775-04	2024-03-23 11:30:37.709775-04	CODEINE PHOSPHATE
225	2024-03-23 11:30:37.709775-04	2024-03-23 11:30:37.709775-04	CAFFEINE; CHLORPHENILAMINE MALEATE; MEPIRAMINE MALEATE; PHENYLPROPANOLAMINE; PHENYLEPHRINE HYDROCHLORIDE; SALICYLAMIDE
226	2024-03-23 11:30:37.709775-04	2024-03-23 11:30:37.709775-04	COLCHICINE
227	2024-03-23 11:30:37.709775-04	2024-03-23 11:30:37.709775-04	CELOCOXIB
228	2024-03-23 11:30:37.709775-04	2024-03-23 11:30:37.709775-04	BRIMONIDINE TARTRATE; TIMOLOL MALEATE
229	2024-03-23 11:30:37.709775-04	2024-03-23 11:30:37.709775-04	COMPOUND SODIUM LACTATE
230	2024-03-23 11:30:37.709775-04	2024-03-23 11:30:37.709775-04	METHYLPHENIDATE
231	2024-03-23 11:30:37.709775-04	2024-03-23 11:30:37.709775-04	TAMSULOSIN HYDROCHLORIDE
232	2024-03-23 11:30:37.709775-04	2024-03-23 11:30:37.709775-04	MEDROXYPROGESTERONE ACETATE
233	2024-03-23 11:30:37.709775-04	2024-03-23 11:30:37.709775-04	ETHINYLESTRADIOL; NORGESTREL
234	2024-03-23 11:30:37.709775-04	2024-03-23 11:30:37.709775-04	ETHINYL ESTRADIOL; FERROUS FUMARATE; LEVONORGESTREL
235	2024-03-23 11:30:37.709775-04	2024-03-23 11:30:37.709775-04	DIPHENHYDRAMINE HYDROCHLORIDE; PARACETAMOL; PSEUSOEPHEDRINE HYDROCHLORIDE
236	2024-03-23 11:30:37.709775-04	2024-03-23 11:30:37.709775-04	PARACETAMOL; PSEUDOEPHEDRINE HYDROCHLORIDE; CHLOPHENIRAMINE MALEATE; PARACETAMOL; PSEUDOEPHEDRINE HYDROCHLORIDE
237	2024-03-23 11:30:37.709775-04	2024-03-23 11:30:37.709775-04	HYDROBROMIDE
238	2024-03-23 11:30:37.709775-04	2024-03-23 11:30:37.709775-04	PARACETAMOL; PSEUDOEPHEDRINE
239	2024-03-23 11:30:37.709775-04	2024-03-23 11:30:37.709775-04	CHLORPHENIRAMINE MALEATE; PARACETAMOL; PSEUDOEPHEDRINE HYDROCHLORIDE
240	2024-03-23 11:30:37.709775-04	2024-03-23 11:30:37.709775-04	CHLORHEXIDINE GLUCONATE
241	2024-03-23 11:30:37.709775-04	2024-03-23 11:30:37.709775-04	LACOSAMIDE
242	2024-03-23 11:30:37.709775-04	2024-03-23 11:30:37.709775-04	COUGH STOP MIXTURE
243	2024-03-23 11:30:37.709775-04	2024-03-23 11:30:37.709775-04	GLYCERINE
244	2024-03-23 11:30:37.709775-04	2024-03-23 11:30:37.709775-04	AZITHROMYCIN
245	2024-03-23 11:30:37.709775-04	2024-03-23 11:30:37.709775-04	TRAMADOL HYDROCHLORIDE
246	2024-03-23 11:30:37.709775-04	2024-03-23 11:30:37.709775-04	PANCREATIN
247	2024-03-23 11:30:37.709775-04	2024-03-23 11:30:37.709775-04	ROSUVASTATIN
248	2024-03-23 11:30:37.709775-04	2024-03-23 11:30:37.709775-04	CROFELEMER
249	2024-03-23 11:30:37.709775-04	2024-03-23 11:30:37.709775-04	PIPERACILLIN SODIUM; TAZOBACTUM SODIUM
250	2024-03-23 11:30:37.709775-04	2024-03-23 11:30:37.709775-04	ROXITHROMYCIN
251	2024-03-23 11:30:37.709775-04	2024-03-23 11:30:37.709775-04	FLUTICASONE PROPIONATE
252	2024-03-23 11:30:37.709775-04	2024-03-23 11:30:37.709775-04	CYCLIZINE HYDROCHLORIDE
253	2024-03-23 11:30:37.709775-04	2024-03-23 11:30:37.709775-04	TRANEXAMIC ACID
254	2024-03-23 11:30:37.709775-04	2024-03-23 11:30:37.709775-04	DICYCLOMINE HYDROCHLORIDE; SIMETHICOME
255	2024-03-23 11:30:37.709775-04	2024-03-23 11:30:37.709775-04	CYCLOSERINE
256	2024-03-23 11:30:37.709775-04	2024-03-23 11:30:37.709775-04	VINCRISTINE SULPHATE
257	2024-03-23 11:30:37.709775-04	2024-03-23 11:30:37.709775-04	CLINDAMYCIN PALMITATE HYDROCHLORIDE
258	2024-03-23 11:30:37.709775-04	2024-03-23 11:30:37.709775-04	CLINDAMYCIN PHOSPHATE
259	2024-03-23 11:30:37.709775-04	2024-03-23 11:30:37.709775-04	DAPOXETINE
260	2024-03-23 11:30:37.709775-04	2024-03-23 11:30:37.709775-04	POTASIUM CHLORIDE; SODIUM CHLORIDE; SODIUM LACTATE
261	2024-03-23 11:30:37.709775-04	2024-03-23 11:30:37.709775-04	DARUNAVIR
262	2024-03-23 11:30:37.709775-04	2024-03-23 11:30:37.709775-04	DARUNAVIR; RITONAVIR
263	2024-03-23 11:30:37.709775-04	2024-03-23 11:30:37.709775-04	FLUOXETINE HYDROCHLORIDE
264	2024-03-23 11:30:37.709775-04	2024-03-23 11:30:37.709775-04	BENZOCAINE; DEQUALINIUM CHLORIDE
265	2024-03-23 11:30:37.709775-04	2024-03-23 11:30:37.709775-04	DAPSONE; PYRIMETHAMINE
266	2024-03-23 11:30:37.709775-04	2024-03-23 11:30:37.709775-04	CLOPIDOGREL BISULPHATE
267	2024-03-23 11:30:37.709775-04	2024-03-23 11:30:37.709775-04	METHYLPREDNISOLONE ACETATE
268	2024-03-23 11:30:37.709775-04	2024-03-23 11:30:37.709775-04	GLYCERINE; ICHTHAMMOL
269	2024-03-23 11:30:37.709775-04	2024-03-23 11:30:37.709775-04	SILVER SULFADIAZINE
270	2024-03-23 11:30:37.709775-04	2024-03-23 11:30:37.709775-04	COMPOUND BENZOIC ACID
271	2024-03-23 11:30:37.709775-04	2024-03-23 11:30:37.709775-04	METHYL SALICYLATE
272	2024-03-23 11:30:37.709775-04	2024-03-23 11:30:37.709775-04	EMITRICITABINE; TENOFOVIR ALAFENAMIDE
273	2024-03-23 11:30:37.709775-04	2024-03-23 11:30:37.709775-04	CHLOROXYLENOL
274	2024-03-23 11:30:37.709775-04	2024-03-23 11:30:37.709775-04	DULOXETINE HYDROCHLORIDE
275	2024-03-23 11:30:37.709775-04	2024-03-23 11:30:37.709775-04	SULPIRIDE
276	2024-03-23 11:30:37.709775-04	2024-03-23 11:30:37.709775-04	DEXAMETHASONE SODIUM PHOSPHATE
277	2024-03-23 11:30:37.709775-04	2024-03-23 11:30:37.709775-04	DEXAMETHASONE
278	2024-03-23 11:30:37.709775-04	2024-03-23 11:30:37.709775-04	DEXRABEPRAZOLE SODIUM
279	2024-03-23 11:30:37.709775-04	2024-03-23 11:30:37.709775-04	GLICLAZIDE
280	2024-03-23 11:30:37.709775-04	2024-03-23 11:30:37.709775-04	CYPROTERONE ACETATE; ETHINYLOESTRADIOL
281	2024-03-23 11:30:37.709775-04	2024-03-23 11:30:37.709775-04	DIAZEPAM
282	2024-03-23 11:30:37.709775-04	2024-03-23 11:30:37.709775-04	CHLORTHALIDONE
283	2024-03-23 11:30:37.709775-04	2024-03-23 11:30:37.709775-04	DIDANOSINE
284	2024-03-23 11:30:37.709775-04	2024-03-23 11:30:37.709775-04	CALCIUM CARBONATE; MAGNESIUM CARBONATE
285	2024-03-23 11:30:37.709775-04	2024-03-23 11:30:37.709775-04	VALSARTAN
286	2024-03-23 11:30:37.709775-04	2024-03-23 11:30:37.709775-04	DIPHENHYDRAMINE HYDROCHLORIDE
287	2024-03-23 11:30:37.709775-04	2024-03-23 11:30:37.709775-04	DOBUTAMINE HYDROCHLORIDE
288	2024-03-23 11:30:37.709775-04	2024-03-23 11:30:37.709775-04	POLIOMYELITIS VIRUS TYPES 1,3 (LIVE, INACTIVATED; ORAL)
289	2024-03-23 11:30:37.709775-04	2024-03-23 11:30:37.709775-04	DOLUTEGRAVIR
290	2024-03-23 11:30:37.709775-04	2024-03-23 11:30:37.709775-04	DOLUTEGRAVIR SODIUM
291	2024-03-23 11:30:37.709775-04	2024-03-23 11:30:37.709775-04	PARACETAMOL; TRAMADOL HYDROCHLORIDE
292	2024-03-23 11:30:37.709775-04	2024-03-23 11:30:37.709775-04	DOMPERIDONE
293	2024-03-23 11:30:37.709775-04	2024-03-23 11:30:37.709775-04	METHYLDOPA
294	2024-03-23 11:30:37.709775-04	2024-03-23 11:30:37.709775-04	MIDAZOLAM
295	2024-03-23 11:30:37.709775-04	2024-03-23 11:30:37.709775-04	DOXYCYCLINE HYDROCHLORIDE
296	2024-03-23 11:30:37.709775-04	2024-03-23 11:30:37.709775-04	DOXYCYCLINE HYCLATE
297	2024-03-23 11:30:37.709775-04	2024-03-23 11:30:37.709775-04	DYDROGESTERONE
298	2024-03-23 11:30:37.709775-04	2024-03-23 11:30:37.709775-04	BROMHEXINE HYDROCHLORIDE; SALBUTAMOL SULPHATE
299	2024-03-23 11:30:37.709775-04	2024-03-23 11:30:37.709775-04	MEBEVERINE HYDROCHLORIDE
300	2024-03-23 11:30:37.709775-04	2024-03-23 11:30:37.709775-04	ACRIFLAVINE; GLYCEROL; SODIUM CARBONATE
301	2024-03-23 11:30:37.709775-04	2024-03-23 11:30:37.709775-04	ECONAZOLE NITRATE
302	2024-03-23 11:30:37.709775-04	2024-03-23 11:30:37.709775-04	ESCITALOPRAM
303	2024-03-23 11:30:37.709775-04	2024-03-23 11:30:37.709775-04	RILPIVIRINE
304	2024-03-23 11:30:37.709775-04	2024-03-23 11:30:37.709775-04	EFAVIRENZ; EMTRICITABINE; TENOFOVIR DISOPROXIL FUMARATE
305	2024-03-23 11:30:37.709775-04	2024-03-23 11:30:37.709775-04	EFAVIRENZ; LAMIVUDINE; TENOFOVIR DISOPROXIL FUMARATE
306	2024-03-23 11:30:37.709775-04	2024-03-23 11:30:37.709775-04	APIXABAN
307	2024-03-23 11:30:37.709775-04	2024-03-23 11:30:37.709775-04	HEPATITIS B VIRUS
308	2024-03-23 11:30:37.709775-04	2024-03-23 11:30:37.709775-04	ALOE EXTRACT; VITAMIN E ACETATE
309	2024-03-23 11:30:37.709775-04	2024-03-23 11:30:37.709775-04	THYROXINE SODIUM
310	2024-03-23 11:30:37.709775-04	2024-03-23 11:30:37.709775-04	LEVOTHYROXINE
311	2024-03-23 11:30:37.709775-04	2024-03-23 11:30:37.709775-04	LEVOTHYROXINE SODIUM PENTAHYDRATE
312	2024-03-23 11:30:37.709775-04	2024-03-23 11:30:37.709775-04	ONDANSETRON
313	2024-03-23 11:30:37.709775-04	2024-03-23 11:30:37.709775-04	EMTRICITABINE; TENOFOVIR DISOPROXIL FUMARATE
314	2024-03-23 11:30:37.709775-04	2024-03-23 11:30:37.709775-04	ENAPRIL MALEATE
315	2024-03-23 11:30:37.709775-04	2024-03-23 11:30:37.709775-04	ENALAPRIL MALEATE
316	2024-03-23 11:30:37.709775-04	2024-03-23 11:30:37.709775-04	IRON SUCROSE
317	2024-03-23 11:30:37.709775-04	2024-03-23 11:30:37.709775-04	HEPATITIS B
318	2024-03-23 11:30:37.709775-04	2024-03-23 11:30:37.709775-04	CODEINE PHOSPHATE; IBUPROFEN; PARACETAMOL
319	2024-03-23 11:30:37.709775-04	2024-03-23 11:30:37.709775-04	RANITIDINE HYDROCHLORIDE
320	2024-03-23 11:30:37.709775-04	2024-03-23 11:30:37.709775-04	ENTECAVIR MONOHYDRATE
321	2024-03-23 11:30:37.709775-04	2024-03-23 11:30:37.709775-04	PHENYTOIN SODIUM
322	2024-03-23 11:30:37.709775-04	2024-03-23 11:30:37.709775-04	EPHEDRINE HYDROCHLORIDE
323	2024-03-23 11:30:37.709775-04	2024-03-23 11:30:37.709775-04	TOPIRAMATE
324	2024-03-23 11:30:37.709775-04	2024-03-23 11:30:37.709775-04	EPLERENONE
325	2024-03-23 11:30:37.709775-04	2024-03-23 11:30:37.709775-04	ERYTHROMYCIN
326	2024-03-23 11:30:37.709775-04	2024-03-23 11:30:37.709775-04	ERYTHROMYCIN STEARATE
327	2024-03-23 11:30:37.709775-04	2024-03-23 11:30:37.709775-04	ERYTHROMYCIN ETHYLSUCCINATE
328	2024-03-23 11:30:37.709775-04	2024-03-23 11:30:37.709775-04	ERYTHROMYCIN ESTOLATE
329	2024-03-23 11:30:37.709775-04	2024-03-23 11:30:37.709775-04	ESOMEPRAZOLE MAGNESIUM
330	2024-03-23 11:30:37.709775-04	2024-03-23 11:30:37.709775-04	CONJUGATED OESTROGENS
331	2024-03-23 11:30:37.709775-04	2024-03-23 11:30:37.709775-04	ETHAMBUTOL HYDROCHLORIDE
332	2024-03-23 11:30:37.709775-04	2024-03-23 11:30:37.709775-04	ETHAMBUTOL HYDROCHLORIDE; ISONIAZID; PYRAZINAMIDE; RIFAMPICIN
333	2024-03-23 11:30:37.709775-04	2024-03-23 11:30:37.709775-04	ETHIONAMIDE
334	2024-03-23 11:30:37.709775-04	2024-03-23 11:30:37.709775-04	ETORICOXIB
335	2024-03-23 11:30:37.709775-04	2024-03-23 11:30:37.709775-04	ETODOLAC
336	2024-03-23 11:30:37.709775-04	2024-03-23 11:30:37.709775-04	ERYTHROMICIN
337	2024-03-23 11:30:37.709775-04	2024-03-23 11:30:37.709775-04	EXEMESTANE
338	2024-03-23 11:30:37.709775-04	2024-03-23 11:30:37.709775-04	AMLODIPINE BESYLATE; VALSARTAN
339	2024-03-23 11:30:37.709775-04	2024-03-23 11:30:37.709775-04	AMLODIPINE BESYLATE; HYDROCHLOROTHIAZIDE; VALSARTAN
340	2024-03-23 11:30:37.709775-04	2024-03-23 11:30:37.709775-04	LYNOESTRENOL
341	2024-03-23 11:30:37.709775-04	2024-03-23 11:30:37.709775-04	NORGESTREL
342	2024-03-23 11:30:37.709775-04	2024-03-23 11:30:37.709775-04	FOLIC ACID; IRON HYDROXIDE
343	2024-03-23 11:30:37.709775-04	2024-03-23 11:30:37.709775-04	FELODIPINE
344	2024-03-23 11:30:37.709775-04	2024-03-23 11:30:37.709775-04	LETROZOLE
345	2024-03-23 11:30:37.709775-04	2024-03-23 11:30:37.709775-04	FENTANYL CITRATE
346	2024-03-23 11:30:37.709775-04	2024-03-23 11:30:37.709775-04	IRON POLYMALTOSE; PYRIDOXIME HYDROCHLORIDE; CYANOCOBALAMINE
347	2024-03-23 11:30:37.709775-04	2024-03-23 11:30:37.709775-04	FERROUS SULPHATE
348	2024-03-23 11:30:37.709775-04	2024-03-23 11:30:37.709775-04	COOPER SULPHATE; FERROUS SULPHATE; MANGANESE SULPHATE
349	2024-03-23 11:30:37.709775-04	2024-03-23 11:30:37.709775-04	FLUOROURACIL
350	2024-03-23 11:30:37.709775-04	2024-03-23 11:30:37.709775-04	POTASSIUM CHLORIDE
351	2024-03-23 11:30:37.709775-04	2024-03-23 11:30:37.709775-04	FLUCLOXACILLIN SODIUM
352	2024-03-23 11:30:37.709775-04	2024-03-23 11:30:37.709775-04	FLUCONAZOLE
353	2024-03-23 11:30:37.709775-04	2024-03-23 11:30:37.709775-04	CHLORPHENIRAMINE MALEATE; PARACETAMOL; PHENYLEHRINE HYDROCHLORIDE
354	2024-03-23 11:30:37.709775-04	2024-03-23 11:30:37.709775-04	CHLORPHENIRAMINE MALEATE; PHENYLEPHRINE HYDROCHLORIDE; PARACETAMOL
355	2024-03-23 11:30:37.709775-04	2024-03-23 11:30:37.709775-04	DIPHENHYDRAMINE HYDROCHLORIDE; PARACETAMOL; PHENYLEPHRINE HYDROCHLORIDE
356	2024-03-23 11:30:37.709775-04	2024-03-23 11:30:37.709775-04	FLUOROMETHOLONE
357	2024-03-23 11:30:37.709775-04	2024-03-23 11:30:37.709775-04	FOLIC ACID
358	2024-03-23 11:30:37.709775-04	2024-03-23 11:30:37.709775-04	ISOFLURANE
359	2024-03-23 11:30:37.709775-04	2024-03-23 11:30:37.709775-04	DAPAGLIFLOZIN PROPANEDIOL
360	2024-03-23 11:30:37.709775-04	2024-03-23 11:30:37.709775-04	SODIUM PHOSPHATE
361	2024-03-23 11:30:37.709775-04	2024-03-23 11:30:37.709775-04	DALTEPARIN SODIUM
362	2024-03-23 11:30:37.709775-04	2024-03-23 11:30:37.709775-04	PROPOFOL
363	2024-03-23 11:30:37.709775-04	2024-03-23 11:30:37.709775-04	PEGFILGRASTIM
364	2024-03-23 11:30:37.709775-04	2024-03-23 11:30:37.709775-04	UNDECYLENIC ACID ALKYLOLAMIDE
365	2024-03-23 11:30:37.709775-04	2024-03-23 11:30:37.709775-04	PERAMPANEL
366	2024-03-23 11:30:37.709775-04	2024-03-23 11:30:37.709775-04	PERTUZUMAB
367	2024-03-23 11:30:37.709775-04	2024-03-23 11:30:37.709775-04	GABAPENTIN
368	2024-03-23 11:30:37.709775-04	2024-03-23 11:30:37.709775-04	VILDAGLIPTIN
369	2024-03-23 11:30:37.709775-04	2024-03-23 11:30:37.709775-04	METFORMIN HYDROCHLORIDE; VILDAGLIPTIN
370	2024-03-23 11:30:37.709775-04	2024-03-23 11:30:37.709775-04	GAMMA BENZENE HEXACHLORIDE; LIQIUD PARAFFIN
371	2024-03-23 11:30:37.709775-04	2024-03-23 11:30:37.709775-04	HUMAN PAPPILOMAVIRUS
372	2024-03-23 11:30:37.709775-04	2024-03-23 11:30:37.709775-04	ALUMINIUM HYDROXIDE MAGNESIUM; DICYCLOMINE HYDROCHLORIDE; DIMETHICOME; SODIUM LAURYL SULPHATE
373	2024-03-23 11:30:37.709775-04	2024-03-23 11:30:37.709775-04	SODIUM ALGINATE
374	2024-03-23 11:30:37.709775-04	2024-03-23 11:30:37.709775-04	CALCIUM CARBONATE; SODIUM ALGINATE; SODIUM BICARBONATE
375	2024-03-23 11:30:37.709775-04	2024-03-23 11:30:37.709775-04	FLUMETHRIN
376	2024-03-23 11:30:37.709775-04	2024-03-23 11:30:37.709775-04	DIGOXIN
377	2024-03-23 11:30:37.709775-04	2024-03-23 11:30:37.709775-04	MORPHINE; SQUILL OXYMEL
378	2024-03-23 11:30:37.709775-04	2024-03-23 11:30:37.709775-04	GELATIN SUCCINYL
379	2024-03-23 11:30:37.709775-04	2024-03-23 11:30:37.709775-04	GENTAMICIN SULPHATE
380	2024-03-23 11:30:37.709775-04	2024-03-23 11:30:37.709775-04	CRYSTAL VIOLET
381	2024-03-23 11:30:37.709775-04	2024-03-23 11:30:37.709775-04	ZINC PYRITHIONE
382	2024-03-23 11:30:37.709775-04	2024-03-23 11:30:37.709775-04	GLIBENCLAMIDE
383	2024-03-23 11:30:37.709775-04	2024-03-23 11:30:37.709775-04	MONTELUKAST
384	2024-03-23 11:30:37.709775-04	2024-03-23 11:30:37.709775-04	DESLORATIDINE
385	2024-03-23 11:30:37.709775-04	2024-03-23 11:30:37.709775-04	CLOBETASOL PROPIONATE
386	2024-03-23 11:30:37.709775-04	2024-03-23 11:30:37.709775-04	LEVOFLOXACIN HEMIHYDRATE
387	2024-03-23 11:30:37.709775-04	2024-03-23 11:30:37.709775-04	IMATINIB MESYLATE
388	2024-03-23 11:30:37.709775-04	2024-03-23 11:30:37.709775-04	METFORMIN
389	2024-03-23 11:30:37.709775-04	2024-03-23 11:30:37.709775-04	GLYCERIN; ROSE WATER
390	2024-03-23 11:30:37.709775-04	2024-03-23 11:30:37.709775-04	GLYCERIN
391	2024-03-23 11:30:37.709775-04	2024-03-23 11:30:37.709775-04	GLYCOPYRRONIUM BROMIDE
392	2024-03-23 11:30:37.709775-04	2024-03-23 11:30:37.709775-04	CODEINE PHOSPHATE; PARACETAMOL; PROMETHAZINE
393	2024-03-23 11:30:37.709775-04	2024-03-23 11:30:37.709775-04	CAFFEINE; CODEINE PHOSPHATE; MEPROBAMATE; PARACETAMOL
394	2024-03-23 11:30:37.709775-04	2024-03-23 11:30:37.709775-04	FEBUXOSTAT
395	2024-03-23 11:30:37.709775-04	2024-03-23 11:30:37.709775-04	ASPIRIN; CAFFEINE; PARACETAMOL
396	2024-03-23 11:30:37.709775-04	2024-03-23 11:30:37.709775-04	MAGNESIUM HYDROXIDE
397	2024-03-23 11:30:37.709775-04	2024-03-23 11:30:37.709775-04	GRISEOFULVIN
398	2024-03-23 11:30:37.709775-04	2024-03-23 11:30:37.709775-04	CAFFEINE; GLUCORONOLACTONE; GLUCORONAMIDE; VITAMIN C
399	2024-03-23 11:30:37.709775-04	2024-03-23 11:30:37.709775-04	POLYGELINE
400	2024-03-23 11:30:37.709775-04	2024-03-23 11:30:37.709775-04	DEXTROSE; POTASSIUM CHLORIDE; SODIUM CHLORIDE; SODIUM LACTATE
401	2024-03-23 11:30:37.709775-04	2024-03-23 11:30:37.709775-04	HALOTHANE
402	2024-03-23 11:30:37.709775-04	2024-03-23 11:30:37.709775-04	HYDROXY CHLOROQUINE SULPHATE
403	2024-03-23 11:30:37.709775-04	2024-03-23 11:30:37.709775-04	AMILORIDE HYDROCHLORIDE; HYDROCHLOROTHIAZIDE
404	2024-03-23 11:30:37.709775-04	2024-03-23 11:30:37.709775-04	HEPARIN SODIUM
405	2024-03-23 11:30:37.709775-04	2024-03-23 11:30:37.709775-04	SOFSBUVIR
406	2024-03-23 11:30:37.709775-04	2024-03-23 11:30:37.709775-04	TRASTUZUMAB
407	2024-03-23 11:30:37.709775-04	2024-03-23 11:30:37.709775-04	HYDROXYETHYL STARCH
408	2024-03-23 11:30:37.709775-04	2024-03-23 11:30:37.709775-04	BORDETELLA PERTUSIS; DIPHERIA TOXOID; HEPATITIS; POLIOVIRUS; TETANUS TOXOID
409	2024-03-23 11:30:37.709775-04	2024-03-23 11:30:37.709775-04	AMMONIUM CHLORIDE; CODEINE PHOSPHATE; DIPHENYLHYDRAMINE HYDROCHLORIDE
410	2024-03-23 11:30:37.709775-04	2024-03-23 11:30:37.709775-04	AMMONIUM CHLORIDE; DEXTROMETHORPHANE; DIPHENHYDRAMINE HYDROCHLORIDE
411	2024-03-23 11:30:37.709775-04	2024-03-23 11:30:37.709775-04	ADALIMUMAB
412	2024-03-23 11:30:37.709775-04	2024-03-23 11:30:37.709775-04	LEVONORGESTREL
413	2024-03-23 11:30:37.709775-04	2024-03-23 11:30:37.709775-04	HYDROCHLOROTHIAZIDE; LOSARTAN POTASSIUM
414	2024-03-23 11:30:37.709775-04	2024-03-23 11:30:37.709775-04	HYDROCHLOROTHIAZIDE
415	2024-03-23 11:30:37.709775-04	2024-03-23 11:30:37.709775-04	HYDROCORTISONE SODIUM SUCCINATE
416	2024-03-23 11:30:37.709775-04	2024-03-23 11:30:37.709775-04	HYOSCINE BUTYLBROMIDE
417	2024-03-23 11:30:37.709775-04	2024-03-23 11:30:37.709775-04	ETOMIDATE
418	2024-03-23 11:30:37.709775-04	2024-03-23 11:30:37.709775-04	ISONIAZID
419	2024-03-23 11:30:37.709775-04	2024-03-23 11:30:37.709775-04	PALBOCICLIB
420	2024-03-23 11:30:37.709775-04	2024-03-23 11:30:37.709775-04	IBUPROFEN; PARACETAMOL
421	2024-03-23 11:30:37.709775-04	2024-03-23 11:30:37.709775-04	GLYCEROL; ICHTHAMMOL
422	2024-03-23 11:30:37.709775-04	2024-03-23 11:30:37.709775-04	PHENYLEPHRINE HYDROCHLORIDE; PHENAZONE
423	2024-03-23 11:30:37.709775-04	2024-03-23 11:30:37.709775-04	IMATINIB
424	2024-03-23 11:30:37.709775-04	2024-03-23 11:30:37.709775-04	SUMATRIPTAN
425	2024-03-23 11:30:37.709775-04	2024-03-23 11:30:37.709775-04	LOPERAMIDE
426	2024-03-23 11:30:37.709775-04	2024-03-23 11:30:37.709775-04	ZOPICLONE
427	2024-03-23 11:30:37.709775-04	2024-03-23 11:30:37.709775-04	POLIO VIRUS (TYPE 1; TYPE 2; TYPE 3)
428	2024-03-23 11:30:37.709775-04	2024-03-23 11:30:37.709775-04	ETONOGESTREL
429	2024-03-23 11:30:37.709775-04	2024-03-23 11:30:37.709775-04	IRINOTECAN
430	2024-03-23 11:30:37.709775-04	2024-03-23 11:30:37.709775-04	IRINOTECAN HYDROCHLORIDE
431	2024-03-23 11:30:37.709775-04	2024-03-23 11:30:37.709775-04	POLIOMYELITIS  (TYPES 1,2,3; INACTIVATED)
432	2024-03-23 11:30:37.709775-04	2024-03-23 11:30:37.709775-04	NYSTATIN
433	2024-03-23 11:30:37.709775-04	2024-03-23 11:30:37.709775-04	INFLUENZA VACCINE (SURFACE ANTIGEN, INACTIVATED)
434	2024-03-23 11:30:37.709775-04	2024-03-23 11:30:37.709775-04	MOXIFLOXACIN HYDROCHLORIDE
435	2024-03-23 11:30:37.709775-04	2024-03-23 11:30:37.709775-04	CEFIXIME
436	2024-03-23 11:30:37.709775-04	2024-03-23 11:30:37.709775-04	INSULIN ZINC
437	2024-03-23 11:30:37.709775-04	2024-03-23 11:30:37.709775-04	INSULIN ISOPHANE
438	2024-03-23 11:30:37.709775-04	2024-03-23 11:30:37.709775-04	SOLUBLE INSULIN (HUMAN INSULIN)
439	2024-03-23 11:30:37.709775-04	2024-03-23 11:30:37.709775-04	INSULIN HR 1799
440	2024-03-23 11:30:37.709775-04	2024-03-23 11:30:37.709775-04	ETRAVIRINE
441	2024-03-23 11:30:37.709775-04	2024-03-23 11:30:37.709775-04	IODINE TICTURE
442	2024-03-23 11:30:37.709775-04	2024-03-23 11:30:37.709775-04	TIMOLOL MALEATE
443	2024-03-23 11:30:37.709775-04	2024-03-23 11:30:37.709775-04	IRBESARTAN
444	2024-03-23 11:30:37.709775-04	2024-03-23 11:30:37.709775-04	IRINOTECAN HYDROCHLORIDE TRIHYDRATE
445	2024-03-23 11:30:37.709775-04	2024-03-23 11:30:37.709775-04	RALTEGRAVIR
446	2024-03-23 11:30:37.709775-04	2024-03-23 11:30:37.709775-04	ISONIAZID; PYRAZINAMIDE; RIFAMPICIN
447	2024-03-23 11:30:37.709775-04	2024-03-23 11:30:37.709775-04	VERAPAMIL HYDROCHLORIDE
448	2024-03-23 11:30:37.709775-04	2024-03-23 11:30:37.709775-04	IVABRADINE
449	2024-03-23 11:30:37.709775-04	2024-03-23 11:30:37.709775-04	CEFTRIAXONE
450	2024-03-23 11:30:37.709775-04	2024-03-23 11:30:37.709775-04	SITAGLIPTIN PHOSPHATE; METFORMIN HYDROCHLORIDE
451	2024-03-23 11:30:37.709775-04	2024-03-23 11:30:37.709775-04	SITAGLIPTIN PHOSPHATE
452	2024-03-23 11:30:37.709775-04	2024-03-23 11:30:37.709775-04	TADALAFIL
453	2024-03-23 11:30:37.709775-04	2024-03-23 11:30:37.709775-04	CEFUROXIME
454	2024-03-23 11:30:37.709775-04	2024-03-23 11:30:37.709775-04	CISPLATIN
455	2024-03-23 11:30:37.709775-04	2024-03-23 11:30:37.709775-04	KETAMINE HYDROCHLORIDE
456	2024-03-23 11:30:37.709775-04	2024-03-23 11:30:37.709775-04	KETOISOLEUCINE; KETOLEUCINE; KETOPHENYLALANINE; KETOVALINE; HYROXYMETHIONINE; LYSINE; THREONINE; TRYPTOPHAN; HISTIDINE; TYROSINE
457	2024-03-23 11:30:37.709775-04	2024-03-23 11:30:37.709775-04	DIPHENHYDRAMINE HYDROCHLORIDE; PARACETAMOL
458	2024-03-23 11:30:37.709775-04	2024-03-23 11:30:37.709775-04	AMONIUM CHLORIDE; DIPHENHYDRAMINE HYDROCHLORIDE; MENTHOL
459	2024-03-23 11:30:37.709775-04	2024-03-23 11:30:37.709775-04	BENZOCAINE
460	2024-03-23 11:30:37.709775-04	2024-03-23 11:30:37.709775-04	DOLUTEGRAVIR EMTRICITABINE TENOFOVIR ALAFENAMIDE
461	2024-03-23 11:30:37.709775-04	2024-03-23 11:30:37.709775-04	PHYTONADIONE
462	2024-03-23 11:30:37.709775-04	2024-03-23 11:30:37.709775-04	LAMOTRIGINE
463	2024-03-23 11:30:37.709775-04	2024-03-23 11:30:37.709775-04	LAMIVUDINE; TENOFOVIR DISOPROXIL FUMARATE
464	2024-03-23 11:30:37.709775-04	2024-03-23 11:30:37.709775-04	TERBINAFINE
465	2024-03-23 11:30:37.709775-04	2024-03-23 11:30:37.709775-04	TERBINAFINE HYDROCHLORIDE
466	2024-03-23 11:30:37.709775-04	2024-03-23 11:30:37.709775-04	LAMIVUDINE; EFAVIRENZ; TENOFOVIR DISOPROXIL FUMERATE
467	2024-03-23 11:30:37.709775-04	2024-03-23 11:30:37.709775-04	LANSOPRAZOLE
468	2024-03-23 11:30:37.709775-04	2024-03-23 11:30:37.709775-04	LATANOPOST
469	2024-03-23 11:30:37.709775-04	2024-03-23 11:30:37.709775-04	LACTULOSE
470	2024-03-23 11:30:37.709775-04	2024-03-23 11:30:37.709775-04	ROSUVASTATIN CALCIUM
471	2024-03-23 11:30:37.709775-04	2024-03-23 11:30:37.709775-04	LEFLUNOMIDE
472	2024-03-23 11:30:37.709775-04	2024-03-23 11:30:37.709775-04	CAFFEINE; EPHEDRINE HYDROCHLORIDE
473	2024-03-23 11:30:37.709775-04	2024-03-23 11:30:37.709775-04	LENALIDOMIDE
474	2024-03-23 11:30:37.709775-04	2024-03-23 11:30:37.709775-04	LEVETIRACETAM
475	2024-03-23 11:30:37.709775-04	2024-03-23 11:30:37.709775-04	INSULIN DETEMIR
476	2024-03-23 11:30:37.709775-04	2024-03-23 11:30:37.709775-04	LEVOFLOXACIN
477	2024-03-23 11:30:37.709775-04	2024-03-23 11:30:37.709775-04	ETHINYL ESTRADIOL; LEVONORGESTREL
478	2024-03-23 11:30:37.709775-04	2024-03-23 11:30:37.709775-04	LIGNOCAINE HYDROCHLORIDE
479	2024-03-23 11:30:37.709775-04	2024-03-23 11:30:37.709775-04	LIDOCAINE HYDROCHLORIDE
480	2024-03-23 11:30:37.709775-04	2024-03-23 11:30:37.709775-04	ADRENALINE ACID TARTRATE; LIGNOCAINE HYDROCHLORIDE
481	2024-03-23 11:30:37.709775-04	2024-03-23 11:30:37.709775-04	LINEZOLID
482	2024-03-23 11:30:37.709775-04	2024-03-23 11:30:37.709775-04	LEDIPASVIR; SOFOSBUVIR
483	2024-03-23 11:30:37.709775-04	2024-03-23 11:30:37.709775-04	LITHIUM CARBONATE
484	2024-03-23 11:30:37.709775-04	2024-03-23 11:30:37.709775-04	DICLOFENAC DIETHYLAMINE
485	2024-03-23 11:30:37.709775-04	2024-03-23 11:30:37.709775-04	ETHINYLOESTRADIOL; LEVONORGESTREL
486	2024-03-23 11:30:37.709775-04	2024-03-23 11:30:37.709775-04	LORATADINE
487	2024-03-23 11:30:37.709775-04	2024-03-23 11:30:37.709775-04	INDAPAMIDE
488	2024-03-23 11:30:37.709775-04	2024-03-23 11:30:37.709775-04	LOSARTAN POTASSIUM
489	2024-03-23 11:30:37.709775-04	2024-03-23 11:30:37.709775-04	ALUMINIUM HYDROXIDE; MAGNESIUM TRISILICATE
490	2024-03-23 11:30:37.709775-04	2024-03-23 11:30:37.709775-04	ALUMINIUM; MAGNESIUM HYDROXIDE; SIMETHICONE
491	2024-03-23 11:30:37.709775-04	2024-03-23 11:30:37.709775-04	ALUMINIUM HYDROXIDE; MAGNESIUM HYDROXIDE
492	2024-03-23 11:30:37.709775-04	2024-03-23 11:30:37.709775-04	RITUXIMAB
493	2024-03-23 11:30:37.709775-04	2024-03-23 11:30:37.709775-04	PYRAZINAMIDE
494	2024-03-23 11:30:37.709775-04	2024-03-23 11:30:37.709775-04	MAGNESIUM TRISILICATE COMPOUND
495	2024-03-23 11:30:37.709775-04	2024-03-23 11:30:37.709775-04	GADOPENTETIC ACID DIMESGUMINE SALT
496	2024-03-23 11:30:37.709775-04	2024-03-23 11:30:37.709775-04	MAINTELYTE (WITH GLUCOSE)
497	2024-03-23 11:30:37.709775-04	2024-03-23 11:30:37.709775-04	MAINTELYTE
498	2024-03-23 11:30:37.709775-04	2024-03-23 11:30:37.709775-04	ATOVAQUONE; PROGUANIL HYDROCHLORIDE
499	2024-03-23 11:30:37.709775-04	2024-03-23 11:30:37.709775-04	MANNITOL
500	2024-03-23 11:30:37.709775-04	2024-03-23 11:30:37.709775-04	TRANDOLAPRIL
501	2024-03-23 11:30:37.709775-04	2024-03-23 11:30:37.709775-04	OLANZAPINE
502	2024-03-23 11:30:37.709775-04	2024-03-23 11:30:37.709775-04	MULTIVITAMIN; MULTIMINERAL
503	2024-03-23 11:30:37.709775-04	2024-03-23 11:30:37.709775-04	VITAMIN A ACETATE
504	2024-03-23 11:30:37.709775-04	2024-03-23 11:30:37.709775-04	VITAMIN B COMPLEX
505	2024-03-23 11:30:37.709775-04	2024-03-23 11:30:37.709775-04	VITAMIN B COMPLEX FORTE
506	2024-03-23 11:30:37.709775-04	2024-03-23 11:30:37.709775-04	CYANOCOBALAMIN
507	2024-03-23 11:30:37.709775-04	2024-03-23 11:30:37.709775-04	MEMANTINE HYDROCHLORIDE
508	2024-03-23 11:30:37.709775-04	2024-03-23 11:30:37.709775-04	MENTHOL; PEPPERMINT OIL
509	2024-03-23 11:30:37.709775-04	2024-03-23 11:30:37.709775-04	MENTHOLATUM DEEP HEAT RUB
510	2024-03-23 11:30:37.709775-04	2024-03-23 11:30:37.709775-04	MEPYRAMINE
511	2024-03-23 11:30:37.709775-04	2024-03-23 11:30:37.709775-04	MERCUROCHROME
512	2024-03-23 11:30:37.709775-04	2024-03-23 11:30:37.709775-04	METFORMIN HYDROCHLORIDE
513	2024-03-23 11:30:37.709775-04	2024-03-23 11:30:37.709775-04	METHOTREXATE
514	2024-03-23 11:30:37.709775-04	2024-03-23 11:30:37.709775-04	MOXIFLOXACIN
515	2024-03-23 11:30:37.709775-04	2024-03-23 11:30:37.709775-04	MICONAZOLE ORAL GEL
516	2024-03-23 11:30:37.709775-04	2024-03-23 11:30:37.709775-04	ETHINYLOESTRADIOL; LEVENORGESTREL
517	2024-03-23 11:30:37.709775-04	2024-03-23 11:30:37.709775-04	MIFEPRISTONE
518	2024-03-23 11:30:37.709775-04	2024-03-23 11:30:37.709775-04	CAFFEINE; CYCLIZINE; ERGOTAMINE TARTRATE
519	2024-03-23 11:30:37.709775-04	2024-03-23 11:30:37.709775-04	METHOXY POLYETHYLENE GLYCOL-EPOETIN BETA
520	2024-03-23 11:30:37.709775-04	2024-03-23 11:30:37.709775-04	CINNAMON OIL;  GINGER TINCTURE; KAOLIN LIGHT; PECTIN
521	2024-03-23 11:30:37.709775-04	2024-03-23 11:30:37.709775-04	HYDROXYPROYLMETHYLCELLULOSE
522	2024-03-23 11:30:37.709775-04	2024-03-23 11:30:37.709775-04	MORPHINE SULPHATE
523	2024-03-23 11:30:37.709775-04	2024-03-23 11:30:37.709775-04	ATROPINE SULPHATE; DIPHENOXYLATE HYDROCHLORIDE
524	2024-03-23 11:30:37.709775-04	2024-03-23 11:30:37.709775-04	MAGNESIUM TRISILICATE
525	2024-03-23 11:30:37.709775-04	2024-03-23 11:30:37.709775-04	DACLATASVIR DIHYDROCHLORIDE
526	2024-03-23 11:30:37.709775-04	2024-03-23 11:30:37.709775-04	SOFOSBUVIR
527	2024-03-23 11:30:37.709775-04	2024-03-23 11:30:37.709775-04	HYDROCHLOROTHIAZIDE; LISINOPRIL
528	2024-03-23 11:30:37.709775-04	2024-03-23 11:30:37.709775-04	PEMETREXED
529	2024-03-23 11:30:37.709775-04	2024-03-23 11:30:37.709775-04	NEBIVOLOL HYDROCHLORIDE
530	2024-03-23 11:30:37.709775-04	2024-03-23 11:30:37.709775-04	DEXAMETHASONE SODIUM PHOSPHATE; NEOMYCIN SULPHATE
531	2024-03-23 11:30:37.709775-04	2024-03-23 11:30:37.709775-04	CALCIUM CHLORIDE; DEXTROSE; MAGNESIUM CHLORIDE;POTASSIUM CHLORIDE; PHOSPHORIC ACID; SODIUM LACTATE
532	2024-03-23 11:30:37.709775-04	2024-03-23 11:30:37.709775-04	TAMOXIFEN CITRATE
533	2024-03-23 11:30:37.709775-04	2024-03-23 11:30:37.709775-04	NEOSTIGMINE METHYLSULPHATE
534	2024-03-23 11:30:37.709775-04	2024-03-23 11:30:37.709775-04	FILGRASTIM
535	2024-03-23 11:30:37.709775-04	2024-03-23 11:30:37.709775-04	NEVIRAPINE
536	2024-03-23 11:30:37.709775-04	2024-03-23 11:30:37.709775-04	SORAFENIB TOSYLATE
537	2024-03-23 11:30:37.709775-04	2024-03-23 11:30:37.709775-04	ESOMEPRAZOLE SODIUM
538	2024-03-23 11:30:37.709775-04	2024-03-23 11:30:37.709775-04	ESOMEPRAZOLE
539	2024-03-23 11:30:37.709775-04	2024-03-23 11:30:37.709775-04	CISATRACURIUM BESYLATE
540	2024-03-23 11:30:37.709775-04	2024-03-23 11:30:37.709775-04	NIMODIPINE
541	2024-03-23 11:30:37.709775-04	2024-03-23 11:30:37.709775-04	ORPHENADRINE CITRATE; PARACETAMOL
542	2024-03-23 11:30:37.709775-04	2024-03-23 11:30:37.709775-04	NORFLOXACIN
543	2024-03-23 11:30:37.709775-04	2024-03-23 11:30:37.709775-04	CLOFARABINE
544	2024-03-23 11:30:37.709775-04	2024-03-23 11:30:37.709775-04	THEOPHYLLINE
545	2024-03-23 11:30:37.709775-04	2024-03-23 11:30:37.709775-04	NORETHISTERONE ENANTHATE
546	2024-03-23 11:30:37.709775-04	2024-03-23 11:30:37.709775-04	IBUPROFEN; PSEUDOEPHEDRINE HYDROCHLORIDE
547	2024-03-23 11:30:37.709775-04	2024-03-23 11:30:37.709775-04	DORZOLAMIDE
548	2024-03-23 11:30:37.709775-04	2024-03-23 11:30:37.709775-04	DORZOLAMIDE HYDROCHLORIDE; TIMOLOL MALEATE
549	2024-03-23 11:30:37.709775-04	2024-03-23 11:30:37.709775-04	OLMESARTAN  MEDOXOMIL
550	2024-03-23 11:30:37.709775-04	2024-03-23 11:30:37.709775-04	OLMESARTAN MEDOXOMIL
551	2024-03-23 11:30:37.709775-04	2024-03-23 11:30:37.709775-04	OLOPATADINE
552	2024-03-23 11:30:37.709775-04	2024-03-23 11:30:37.709775-04	OMEPRAZOLE
553	2024-03-23 11:30:37.709775-04	2024-03-23 11:30:37.709775-04	ONDANSETRON HYRODROCHLORIDE
554	2024-03-23 11:30:37.709775-04	2024-03-23 11:30:37.709775-04	ONDANSETRON HYDROCHLORIDE
555	2024-03-23 11:30:37.709775-04	2024-03-23 11:30:37.709775-04	BISACODYL
556	2024-03-23 11:30:37.709775-04	2024-03-23 11:30:37.709775-04	PHENOXYMETHYLPENICILLIN
557	2024-03-23 11:30:37.709775-04	2024-03-23 11:30:37.709775-04	PHENOXYMETHYLPENICILLIN POTASSIUM
558	2024-03-23 11:30:37.709775-04	2024-03-23 11:30:37.709775-04	IRON III HYDROXIDE POLYMALTOSE COMPLEX
559	2024-03-23 11:30:37.709775-04	2024-03-23 11:30:37.709775-04	OSELTAMIVIR PHOSPHATE
560	2024-03-23 11:30:37.709775-04	2024-03-23 11:30:37.709775-04	XYLOMETAZOLINE HYDROCHLORIDE
561	2024-03-23 11:30:37.709775-04	2024-03-23 11:30:37.709775-04	CLOMIPHENE CITRATE
562	2024-03-23 11:30:37.709775-04	2024-03-23 11:30:37.709775-04	OXALIPLATIN
563	2024-03-23 11:30:37.709775-04	2024-03-23 11:30:37.709775-04	OXYTOCIN
564	2024-03-23 11:30:37.709775-04	2024-03-23 11:30:37.709775-04	PALONOSETRON HYDROCHLORIDE
565	2024-03-23 11:30:37.709775-04	2024-03-23 11:30:37.709775-04	PREDNISONE
566	2024-03-23 11:30:37.709775-04	2024-03-23 11:30:37.709775-04	PANTOPRAZOLE SODIUM
567	2024-03-23 11:30:37.709775-04	2024-03-23 11:30:37.709775-04	PANTOPRAZOLE SODIUM SESQUIHYDRATE
568	2024-03-23 11:30:37.709775-04	2024-03-23 11:30:37.709775-04	RABEPRAZOLE SODIUM
569	2024-03-23 11:30:37.709775-04	2024-03-23 11:30:37.709775-04	OLOPATADINE HYDROCHLORIDE
570	2024-03-23 11:30:37.709775-04	2024-03-23 11:30:37.709775-04	RANIBIZUMAB
571	2024-03-23 11:30:37.709775-04	2024-03-23 11:30:37.709775-04	DEXTROMETHORPHAN HYDROBROMIDE
572	2024-03-23 11:30:37.709775-04	2024-03-23 11:30:37.709775-04	RABIES VIRUS (PURIFIED CHICK-EMBRYO CELL)
573	2024-03-23 11:30:37.709775-04	2024-03-23 11:30:37.709775-04	PETHIDINE HYDROCHLORIDE
574	2024-03-23 11:30:37.709775-04	2024-03-23 11:30:37.709775-04	BUPIVACAINE HYDROCHLORIDE
575	2024-03-23 11:30:37.709775-04	2024-03-23 11:30:37.709775-04	DOPAMINE HYDROCHLORIDE
576	2024-03-23 11:30:37.709775-04	2024-03-23 11:30:37.709775-04	SUXAMETHONIUM CHLORIDE
577	2024-03-23 11:30:37.709775-04	2024-03-23 11:30:37.709775-04	THEOPHYLLINE ETHYLENE DIAMINE
578	2024-03-23 11:30:37.709775-04	2024-03-23 11:30:37.709775-04	DEXAMETHASONE PHOSHATE
579	2024-03-23 11:30:37.709775-04	2024-03-23 11:30:37.709775-04	PROMETHAZINE HYDROCHLORIDE
580	2024-03-23 11:30:37.709775-04	2024-03-23 11:30:37.709775-04	PHENOBARBITONE
581	2024-03-23 11:30:37.709775-04	2024-03-23 11:30:37.709775-04	PHENOL
582	2024-03-23 11:30:37.709775-04	2024-03-23 11:30:37.709775-04	PHOLCODEINE
583	2024-03-23 11:30:37.709775-04	2024-03-23 11:30:37.709775-04	PHENYLEPHRINE HYDROCHLORIDE; PHOLCODINE
584	2024-03-23 11:30:37.709775-04	2024-03-23 11:30:37.709775-04	ARIPIPRAZOLE
585	2024-03-23 11:30:37.709775-04	2024-03-23 11:30:37.709775-04	PIPERACILLIN; TAZOBACTAM
586	2024-03-23 11:30:37.709775-04	2024-03-23 11:30:37.709775-04	POLYMYXIN B SULPHATE
587	2024-03-23 11:30:37.709775-04	2024-03-23 11:30:37.709775-04	POTASSIUM CITRATE
588	2024-03-23 11:30:37.709775-04	2024-03-23 11:30:37.709775-04	PREDNISOLONE ACETATE
589	2024-03-23 11:30:37.709775-04	2024-03-23 11:30:37.709775-04	PREDNISOLONE
590	2024-03-23 11:30:37.709775-04	2024-03-23 11:30:37.709775-04	PRAGABALIN
591	2024-03-23 11:30:37.709775-04	2024-03-23 11:30:37.709775-04	VITAMINS; MINERALS
592	2024-03-23 11:30:37.709775-04	2024-03-23 11:30:37.709775-04	CONJUGATED OESTROGENS; MEDROXYPROGESTERONE ACETATE
593	2024-03-23 11:30:37.709775-04	2024-03-23 11:30:37.709775-04	PNEUMOCOCCAL CONJUGATE 13 VALENT
594	2024-03-23 11:30:37.709775-04	2024-03-23 11:30:37.709775-04	PROCAINE BENZYLPENICILLIN
595	2024-03-23 11:30:37.709775-04	2024-03-23 11:30:37.709775-04	PROCHLORPERAZINE MALEATE
596	2024-03-23 11:30:37.709775-04	2024-03-23 11:30:37.709775-04	PROPAIN
597	2024-03-23 11:30:37.709775-04	2024-03-23 11:30:37.709775-04	PROPRANOLOL HYDROCHLORIDE
598	2024-03-23 11:30:37.709775-04	2024-03-23 11:30:37.709775-04	DINOPROSTONE
599	2024-03-23 11:30:37.709775-04	2024-03-23 11:30:37.709775-04	BIO-SYNTHETIC HUMAN ISOPHANE INSULIN
600	2024-03-23 11:30:37.709775-04	2024-03-23 11:30:37.709775-04	PROTHIONAMIDE
601	2024-03-23 11:30:37.709775-04	2024-03-23 11:30:37.709775-04	MESTEROLONE
602	2024-03-23 11:30:37.709775-04	2024-03-23 11:30:37.709775-04	CLARITHROMYCIN; OMEPRAZOLE; TINIDAZOLE
603	2024-03-23 11:30:37.709775-04	2024-03-23 11:30:37.709775-04	CAFFEINE ANHYDROUS; CODEINE PHOSPHATE; DOXYLAMINE SUCCINATE; PARACETAMOL
604	2024-03-23 11:30:37.709775-04	2024-03-23 11:30:37.709775-04	CAFFEINE; CODEINE PHOSPHATE; PARACETEMOL; DOXYLAMINE SUCCINATE
605	2024-03-23 11:30:37.709775-04	2024-03-23 11:30:37.709775-04	DEXAMETHASONE; CHLORAPHENICOL
606	2024-03-23 11:30:37.709775-04	2024-03-23 11:30:37.709775-04	QUETIAPINE FUMARATE
607	2024-03-23 11:30:37.709775-04	2024-03-23 11:30:37.709775-04	ISONIAZID; SULFAMETHOXAZOLE; TRIMETHOPRIM
608	2024-03-23 11:30:37.709775-04	2024-03-23 11:30:37.709775-04	QUININE HYDROCHLORIDE
609	2024-03-23 11:30:37.709775-04	2024-03-23 11:30:37.709775-04	QUININE SULPHATE
610	2024-03-23 11:30:37.709775-04	2024-03-23 11:30:37.709775-04	TRAMADOL
611	2024-03-23 11:30:37.709775-04	2024-03-23 11:30:37.709775-04	RAMIPRIL
612	2024-03-23 11:30:37.709775-04	2024-03-23 11:30:37.709775-04	FERROUS FUMARATE, VITAMIN B12, VITAMIN C
613	2024-03-23 11:30:37.709775-04	2024-03-23 11:30:37.709775-04	AMOXYCILLIN TRIHYDRATE; CLAVULANIC ACID
614	2024-03-23 11:30:37.709775-04	2024-03-23 11:30:37.709775-04	ACECLOFENAC; PARACETAMOL
615	2024-03-23 11:30:37.709775-04	2024-03-23 11:30:37.709775-04	ZANAMIVIR
616	2024-03-23 11:30:37.709775-04	2024-03-23 11:30:37.709775-04	METOCLOPRAMIDE
617	2024-03-23 11:30:37.709775-04	2024-03-23 11:30:37.709775-04	BENZATHINE BENZYLPENICILLIN
618	2024-03-23 11:30:37.709775-04	2024-03-23 11:30:37.709775-04	HEPATITIS B SURFACE ANTIGEN
619	2024-03-23 11:30:37.709775-04	2024-03-23 11:30:37.709775-04	TENOFOVIR DISOPROXIL FUMARATE
620	2024-03-23 11:30:37.709775-04	2024-03-23 11:30:37.709775-04	RIFAMPICIN
621	2024-03-23 11:30:37.709775-04	2024-03-23 11:30:37.709775-04	ISONIAZID; RIFAMPICIN
622	2024-03-23 11:30:37.709775-04	2024-03-23 11:30:37.709775-04	RITONAVIR
623	2024-03-23 11:30:37.709775-04	2024-03-23 11:30:37.709775-04	CALCIUM CHLORIDE; POTASSIUM CHLORIDE; SODIUM CHLORIDE; SODIUM LACTATE
624	2024-03-23 11:30:37.709775-04	2024-03-23 11:30:37.709775-04	RISPERIDONE
625	2024-03-23 11:30:37.709775-04	2024-03-23 11:30:37.709775-04	METHYLPHENIDATE HYDROCHLORIDE
626	2024-03-23 11:30:37.709775-04	2024-03-23 11:30:37.709775-04	CLONAZEPAM
627	2024-03-23 11:30:37.709775-04	2024-03-23 11:30:37.709775-04	ROTAVIRUS RIX 4414 STRAIN
628	2024-03-23 11:30:37.709775-04	2024-03-23 11:30:37.709775-04	SPIRAMYCIN
629	2024-03-23 11:30:37.709775-04	2024-03-23 11:30:37.709775-04	RUPATADINE FUMARATE
630	2024-03-23 11:30:37.709775-04	2024-03-23 11:30:37.709775-04	INSULIN ASPART; INSULIN DEGLUDEC
631	2024-03-23 11:30:37.709775-04	2024-03-23 11:30:37.709775-04	SULPHASALAZINE
632	2024-03-23 11:30:37.709775-04	2024-03-23 11:30:37.709775-04	PIZOTIFEN MALATE
633	2024-03-23 11:30:37.709775-04	2024-03-23 11:30:37.709775-04	BENZOCAINE; LINDANE
634	2024-03-23 11:30:37.709775-04	2024-03-23 11:30:37.709775-04	SALMETEROL; FLUTICASONE
635	2024-03-23 11:30:37.709775-04	2024-03-23 11:30:37.709775-04	FLUTICASONE; SALMETEROL
636	2024-03-23 11:30:37.709775-04	2024-03-23 11:30:37.709775-04	FLUTICASONE PROPIONATE; SALMETEROL
637	2024-03-23 11:30:37.709775-04	2024-03-23 11:30:37.709775-04	SEVOFLURANE
638	2024-03-23 11:30:37.709775-04	2024-03-23 11:30:37.709775-04	FLUPHENAZINE DECANOATE
639	2024-03-23 11:30:37.709775-04	2024-03-23 11:30:37.709775-04	DIPTHERIA; TETANUS (ADSORBED)
640	2024-03-23 11:30:37.709775-04	2024-03-23 11:30:37.709775-04	MEASLES (LIVE)
641	2024-03-23 11:30:37.709775-04	2024-03-23 11:30:37.709775-04	MEASLES; MUMPS; RUBELLA (LIVE ATTENUATED)
642	2024-03-23 11:30:37.709775-04	2024-03-23 11:30:37.709775-04	TETANUS TOXOID (ADSORBED)
643	2024-03-23 11:30:37.709775-04	2024-03-23 11:30:37.709775-04	SILVER SULPHADIAZINE
644	2024-03-23 11:30:37.709775-04	2024-03-23 11:30:37.709775-04	SIMVASTATIN
645	2024-03-23 11:30:37.709775-04	2024-03-23 11:30:37.709775-04	ZOLPIDEM TARTRATE
646	2024-03-23 11:30:37.709775-04	2024-03-23 11:30:37.709775-04	FEXOFENADINE HYDROCHLORIDE
647	2024-03-23 11:30:37.709775-04	2024-03-23 11:30:37.709775-04	ZOLMITRIPTAN
648	2024-03-23 11:30:37.709775-04	2024-03-23 11:30:37.709775-04	GLUCOSE; AMINO ACIDS
649	2024-03-23 11:30:37.709775-04	2024-03-23 11:30:37.709775-04	DEXTROSE; SODIUM CHLORIDE
650	2024-03-23 11:30:37.709775-04	2024-03-23 11:30:37.709775-04	AMMONIUM CHLORIDE; DIPHENYLPYRALINE HYDROCHLORIDE; ETOPHYLLINE; MENTHOL; SODIUM CITRATE; THEOPHYLLINE
651	2024-03-23 11:30:37.709775-04	2024-03-23 11:30:37.709775-04	THEOPHYLLINE; ETOPHYLLINE; ALCOHOL
652	2024-03-23 11:30:37.709775-04	2024-03-23 11:30:37.709775-04	YELLOW FEVER STRAIN 17D VIRUS (LIVE ATTENUATED)
653	2024-03-23 11:30:37.709775-04	2024-03-23 11:30:37.709775-04	AMLODIPINE BESYILATE; VALSARTAN
654	2024-03-23 11:30:37.709775-04	2024-03-23 11:30:37.709775-04	AMLODIPINE BESILATE; VALSARTAN
655	2024-03-23 11:30:37.709775-04	2024-03-23 11:30:37.709775-04	EPHEDRINE HYDROCHLORIDE; THEOPHYLLINE
656	2024-03-23 11:30:37.709775-04	2024-03-23 11:30:37.709775-04	PROCHLORPERAZINE
657	2024-03-23 11:30:37.709775-04	2024-03-23 11:30:37.709775-04	CAFFEINE; CODEINE PHOSPHATE; PARACETEMOL; MEPROBAMATE
658	2024-03-23 11:30:37.709775-04	2024-03-23 11:30:37.709775-04	STREPSILS EUCALYPTUS MENTHOL
659	2024-03-23 11:30:37.709775-04	2024-03-23 11:30:37.709775-04	FLURBIPROFEN
660	2024-03-23 11:30:37.709775-04	2024-03-23 11:30:37.709775-04	DICHLORO BENZYL ALCOHOL; AMYLMETACRESOL
661	2024-03-23 11:30:37.709775-04	2024-03-23 11:30:37.709775-04	STREPTOMYCIN SULPHATE
662	2024-03-23 11:30:37.709775-04	2024-03-23 11:30:37.709775-04	CINNARIZINE
663	2024-03-23 11:30:37.709775-04	2024-03-23 11:30:37.709775-04	SULPHUR PRECIPITATED
664	2024-03-23 11:30:37.709775-04	2024-03-23 11:30:37.709775-04	ALCOHOL; CASTOR OIL; DIETHYL PHTHALATE; METHY SALICYLATE
665	2024-03-23 11:30:37.709775-04	2024-03-23 11:30:37.709775-04	PHOSPHOLIPIDS
666	2024-03-23 11:30:37.709775-04	2024-03-23 11:30:37.709775-04	TACROLIMUS
667	2024-03-23 11:30:37.709775-04	2024-03-23 11:30:37.709775-04	TENOFOVIR ALAFENAMIDE FUMARATE
668	2024-03-23 11:30:37.709775-04	2024-03-23 11:30:37.709775-04	PANTOPRAZOLE
669	2024-03-23 11:30:37.709775-04	2024-03-23 11:30:37.709775-04	NILOTINIB HYDROCHLORIDE MONOHYDRATE
670	2024-03-23 11:30:37.709775-04	2024-03-23 11:30:37.709775-04	EMTRICITABINE; TENOFOVIR DISOPROXIL FUMERATE
671	2024-03-23 11:30:37.709775-04	2024-03-23 11:30:37.709775-04	DOCETACEL
672	2024-03-23 11:30:37.709775-04	2024-03-23 11:30:37.709775-04	PIPERACILLIN SODIUM; TAZOBACTAM SODIUM
673	2024-03-23 11:30:37.709775-04	2024-03-23 11:30:37.709775-04	SODIUM CARBOXYMETHYLCELLULOSE
674	2024-03-23 11:30:37.709775-04	2024-03-23 11:30:37.709775-04	SIMETHICONE
675	2024-03-23 11:30:37.709775-04	2024-03-23 11:30:37.709775-04	TEMOZOLOMIDE
676	2024-03-23 11:30:37.709775-04	2024-03-23 11:30:37.709775-04	ATENOLOL; CHLORTHALIDONE
677	2024-03-23 11:30:37.709775-04	2024-03-23 11:30:37.709775-04	DIETHYLPROPION HYDROCHLORIDE
678	2024-03-23 11:30:37.709775-04	2024-03-23 11:30:37.709775-04	TETANUS TOXOID
679	2024-03-23 11:30:37.709775-04	2024-03-23 11:30:37.709775-04	TETRACYCLINE HYDROCHLORIDE
680	2024-03-23 11:30:37.709775-04	2024-03-23 11:30:37.709775-04	SODIUM BICARBONATE; DILL OIL
681	2024-03-23 11:30:37.709775-04	2024-03-23 11:30:37.709775-04	CAPSICUM; CLOVE OIL; BENZOIN; STORAX; TOLUBALSAM
682	2024-03-23 11:30:37.709775-04	2024-03-23 11:30:37.709775-04	LERCANIDIPINE HYDROCHLORIDE
683	2024-03-23 11:30:37.709775-04	2024-03-23 11:30:37.709775-04	DONEPEZIL HYDROCHLORIDE
684	2024-03-23 11:30:37.709775-04	2024-03-23 11:30:37.709775-04	LISINOPRIL
685	2024-03-23 11:30:37.709775-04	2024-03-23 11:30:37.709775-04	SODIUM VALPROATE
686	2024-03-23 11:30:37.709775-04	2024-03-23 11:30:37.709775-04	TORSEMIDE
687	2024-03-23 11:30:37.709775-04	2024-03-23 11:30:37.709775-04	ATRACURIUM BESYLATE
688	2024-03-23 11:30:37.709775-04	2024-03-23 11:30:37.709775-04	TRAVOPROST
689	2024-03-23 11:30:37.709775-04	2024-03-23 11:30:37.709775-04	TUBERCULLIN PPD RT23 SS
690	2024-03-23 11:30:37.709775-04	2024-03-23 11:30:37.709775-04	TYPHOID VACCINE-VI CAPSULAR POLYSACCHARIDE
691	2024-03-23 11:30:37.709775-04	2024-03-23 11:30:37.709775-04	IOPROMIDE
692	2024-03-23 11:30:37.709775-04	2024-03-23 11:30:37.709775-04	SACUBITRIL; VALSARTAN
693	2024-03-23 11:30:37.709775-04	2024-03-23 11:30:37.709775-04	NITROFURANTOIN
694	2024-03-23 11:30:37.709775-04	2024-03-23 11:30:37.709775-04	MEGLUMINE AMIDOTRIZOATE; SODIUM AMIDOTRIZOATE
695	2024-03-23 11:30:37.709775-04	2024-03-23 11:30:37.709775-04	PROGESTERONE
696	2024-03-23 11:30:37.709775-04	2024-03-23 11:30:37.709775-04	VALACICLOVIR
697	2024-03-23 11:30:37.709775-04	2024-03-23 11:30:37.709775-04	AMLODIPINE; VALSARTAN
698	2024-03-23 11:30:37.709775-04	2024-03-23 11:30:37.709775-04	TILIDINE HYDROCHLORIDE
699	2024-03-23 11:30:37.709775-04	2024-03-23 11:30:37.709775-04	LOSARTAN
700	2024-03-23 11:30:37.709775-04	2024-03-23 11:30:37.709775-04	VANCOMYCIN HYDROCHLORIDE
701	2024-03-23 11:30:37.709775-04	2024-03-23 11:30:37.709775-04	CODEINE PHOSPHATE; CAFFEINE; MEPROBAMATE; PARACETAMOL
702	2024-03-23 11:30:37.709775-04	2024-03-23 11:30:37.709775-04	PRAZOSIN HYDROCHLORIDE
703	2024-03-23 11:30:37.709775-04	2024-03-23 11:30:37.709775-04	VARDENAFIL HYDROCHLORIDE
704	2024-03-23 11:30:37.709775-04	2024-03-23 11:30:37.709775-04	MEBENDAZOLE
705	2024-03-23 11:30:37.709775-04	2024-03-23 11:30:37.709775-04	RABIES PREPARED ON VERO CELLS (INACTIVATED)
706	2024-03-23 11:30:37.709775-04	2024-03-23 11:30:37.709775-04	SOLIFENACIN SUCCINATE
707	2024-03-23 11:30:37.709775-04	2024-03-23 11:30:37.709775-04	CAMPHOR; CEDAR LEAF OIL; MENTHOL; EUCALYPTUS OIL; NUTMEG OIL; TURPENTINE; THYMOL
708	2024-03-23 11:30:37.709775-04	2024-03-23 11:30:37.709775-04	LIRAGLUTIDE
709	2024-03-23 11:30:37.709775-04	2024-03-23 11:30:37.709775-04	VINORELBINE
710	2024-03-23 11:30:37.709775-04	2024-03-23 11:30:37.709775-04	DIENOGEST
711	2024-03-23 11:30:37.709775-04	2024-03-23 11:30:37.709775-04	TETRAHYDROZOLINE HYDROCHLORIDE
712	2024-03-23 11:30:37.709775-04	2024-03-23 11:30:37.709775-04	VITAMIN E
714	2024-03-23 11:30:37.709775-04	2024-03-23 11:30:37.709775-04	VITAMIN A; VITAMIN D2; VITAMIN E; VITAMIN K1
715	2024-03-23 11:30:37.709775-04	2024-03-23 11:30:37.709775-04	NICOTINAMIDE; PYRIDOXIME HYDROCHLORIDE; THIAMINE HYDROCHLORIDE; RIBOFLAVINE
716	2024-03-23 11:30:37.709775-04	2024-03-23 11:30:37.709775-04	DICLOPHENAC SODIUM
717	2024-03-23 11:30:37.709775-04	2024-03-23 11:30:37.709775-04	EFAVIRENZ; EMTRICITABINE; TENOFOVIR DISOPROXIL FUMERATE
718	2024-03-23 11:30:37.709775-04	2024-03-23 11:30:37.709775-04	VORICONAZOLE
719	2024-03-23 11:30:37.709775-04	2024-03-23 11:30:37.709775-04	CAFFEINE ALKALOID
720	2024-03-23 11:30:37.709775-04	2024-03-23 11:30:37.709775-04	GUAIFENESIN; PEPPERMINT
721	2024-03-23 11:30:37.709775-04	2024-03-23 11:30:37.709775-04	LATANOPROST
722	2024-03-23 11:30:37.709775-04	2024-03-23 11:30:37.709775-04	RIVAROXABAN
723	2024-03-23 11:30:37.709775-04	2024-03-23 11:30:37.709775-04	TOFACITINIB
724	2024-03-23 11:30:37.709775-04	2024-03-23 11:30:37.709775-04	LIGNOCAINE HYDROCHLORIDE; NORADRENALINE ACIDE TARTRATE
725	2024-03-23 11:30:37.709775-04	2024-03-23 11:30:37.709775-04	DROSPERINONE; ETHINYLESTRADIOL
726	2024-03-23 11:30:37.709775-04	2024-03-23 11:30:37.709775-04	NICLOSAMIDE
727	2024-03-23 11:30:37.709775-04	2024-03-23 11:30:37.709775-04	KETOTIFEN FUMARATE
728	2024-03-23 11:30:37.709775-04	2024-03-23 11:30:37.709775-04	AZITHROMYCIN DIHYDRATE
729	2024-03-23 11:30:37.709775-04	2024-03-23 11:30:37.709775-04	ARACHIS OIL; CASTOR OIL; ZINC OXIDE
730	2024-03-23 11:30:37.709775-04	2024-03-23 11:30:37.709775-04	ZINC OXIDE
731	2024-03-23 11:30:37.709775-04	2024-03-23 11:30:37.709775-04	ZINC SULPHATE MONOHYDRATE
732	2024-03-23 11:30:37.709775-04	2024-03-23 11:30:37.709775-04	ZINC SULPHATE
733	2024-03-23 11:30:37.709775-04	2024-03-23 11:30:37.709775-04	ETHINYL ESTRADIOL; LEVONORGESTREL; PLACEBO
734	2024-03-23 11:30:37.709775-04	2024-03-23 11:30:37.709775-04	ACETAMINOPHEN; TRAMADOL HYDROCHLORIDE
735	2024-03-23 11:30:37.709775-04	2024-03-23 11:30:37.709775-04	GOSERELIN
736	2024-03-23 11:30:37.709775-04	2024-03-23 11:30:37.709775-04	ZOLEDRONIC ACID
