name	longitude	latitude	category	
Beitbridge	29.98760986330	-22.20458000000	District Hospital	
Chamunangana	29.60194015500	-21.60719000000	Clinic	
Chasvingo	30.50114059450	-22.05558000000	Clinic	
Chikwarakwara	31.09124946590	-22.31725000000	Rural Health Centre	
Chituripasi	30.78753089900	-22.20064000000	Rural Health Centre	
Dite	30.39002990720	-22.22214000000	Rural Health Centre	
Dulibadzimu	29.98372077940	-22.20681000000	Clinic	
Majini	29.69067001340	-21.50331000000	Rural Health Centre	
Makakabule	29.93680953980	-22.13792000000	Rural Health Centre	
Zezane	29.50341987610	-21.62461000000	Clinic	
ZRP	30.00518989560	-22.21992000000	Clinic	
Masera	29.58650016780	-21.93431000000	Clinic	
Nottingham	29.63697052000	-22.12217000000	Rural Health Centre	
NRZ	30.00781059270	-22.22078000000	Clinic	
Prison	29.98527908330	-22.22269000000	Clinic	
Shabwe	30.22278022770	-22.10489000000	Rural Health Centre	
Shashe	29.32243919370	-22.10292000000	Clinic	
Swereki	29.40386009220	-21.87125000000	Clinic	
Tongwe	30.04042053220	-21.93567000000	Clinic	
Mtetengwe	29.92830000000	-21.99529000000	Clinic	
Mazunga	29.86923000000	-21.73450000000	Clinic(Not Open)	
Makombe	30.54910000000	-21.90371000000	Clinic (construction)	
Bikita	31.60647010800	-20.06703000000	Rural Hospital	
Chikuku	31.86856079100	-20.00050000000	Clinic	
Chirorwe	31.91802978520	-19.88528000000	Clinic	
Chitasa	31.85453033450	-20.20817000000	Clinic	
Devure 1	32.12055969240	-19.95322000000	Clinic	
Hozvi	31.53725051880	-20.05172000000	Clinic	
Marozva	31.52099990840	-20.00053000000	Clinic	
Mashoko	31.75057983400	-20.50519000000	Hospital	
Mkanga	31.72113990780	-20.43703000000	Rural Hospital	
Murwira	31.65306091310	-19.94133000000	Clinic	
Ngorima	31.68431091310	-20.28881000000	Clinic	
Nyika	31.58885955810	-20.00586000000	Rural Health Centre	
Odzi	31.85753059390	-20.42022000000	Clinic	
Pfupajena	31.61775016780	-20.18919000000	Clinic	
Silveira	31.68678092960	-20.02347000000	Mission Hospital	
Mukore	31.84224000000	-20.14081000000	Rural Health Centre	
Mutikizizi	31.71084000000	-20.20992000000	Rural Health Centre	
Gangare	31.81698000000	-19.91530000000	Rural Health Centre	
Masarasa	31.42301000000	-19.95815000000	Clinic	
Mungezi	31.52096000000	-19.91393000000	Rural Health Centre	
Negovano	31.72709000000	-20.12917000000	Rural Health Centre	
Gava	31.80962000000	-20.53792000000	Rural Health Centre	
Bindura	31.32876968380	-17.29005000000	Provincial Hospital	
Bindura Polyclinic	31.33197975160	-17.30967000000	Clinic	
Chipadze	31.35515022280	-17.31758000000	Clinic	
Chiriseri	31.16135025020	-17.45422000000	Clinic	
Chiveso	31.34956932070	-17.46283000000	Clinic	
Chiwaridzo	31.35922050480	-17.32222000000	Clinic	
Farm H.Centre	31.35577964780	-17.31998000000	Clinic	
Foothills	31.27804946900	-17.21320000000	Clinic	
Freda Rebecca	31.33197975160	-17.30967000000	Mine Clinic	
Manhenga	31.31217002870	-17.39605000000	Clinic	
ZRP Bindura	31.32880020140	-17.29583000000	Clinic	
Muonwe	31.25351905820	-17.52205000000	Clinic	
Nyava	31.36051940920	-17.56392000000	Clinic	
Rusununguko	31.28075027470	-17.06137000000	Clinic	
Rutope	31.56554985050	-17.55588000000	Clinic	
Trojan	31.28507995610	-17.33128000000	Mine Clinic	
ZRP	31.32885000000	-17.29495000000	Clinic Private Clinic	
Mupandira	31.30719000000	-17.45981600000	Rural Health Centre	
Ponai Medical Centre	31.33509000000	-17.30905000000	Private Hospital	
PSMI Shashi	31.32199000000	-17.30241000000	Private Hospital	
Premier Medical Centre	31.33340000000	-17.30767000000	Clinic	
ZNFPC	31.33429000000	-17.31039000000	Family Planning	
Bindura University	31.33306000000	-17.32484000000	Clinic	
Zimbabwe Prison Services	31.32640000000	-17.29262000000	Clinic	
Manga	31.25575000000	-16.88900000000		
Katanya	31.38008000000	-16.86920000000	Rural Health Centre	
Takunda 	31.15220000000	-17.23160000000	Rural Health Centre	
Busce 	31.33300000000	-17.32490000000	Clinic	
Glamorgan	31.42360000000	-17.43940000000	Clinic	
Binga	27.32666969300	-17.63944000000	District Hospital	
Chinego	28.07500076290	-17.19472000000	Clinic	
Chinego	28.07500076290	-17.19472000000	Clinic	
Kariangwe	27.53499984740	-17.96972000000	Clinic	
Lubimbi	27.19194030760	-17.94944000000	Clinic	
Lusulu	27.86222076420	-18.06833000000	Rural Health centre	
Muchesu	27.68917083740	-17.94778000000	Clinic	
Pashu	27.40056037900	-18.20806000000	Rural Health centre	
Siabuwa	28.04388999940	-17.47472000000	Clinic	
Siansundu	27.21916961670	-17.98333000000	Rural Health centre	
Sikomena	27.65647000000	-18.18549000000	Council Clinic(Construction)	
Tinde	27.18206000000	-18.26125000000	Rural Health Centre	
Sinakoma	27.60401000000	-17.69109000000	Council Clinic	
Siabuwa Turn	27.43380000000	-17.69461000000	Council Clinic	
Simatelele	27.25738000000	-17.78883000000	Clinic	
Chibila	27.71811000000	-18.17046000000	Council (Construction)	
Siabuzuba	27.43390000000	-17.69480000000	clinic	
Sinasengwe	27.82320000000	-17.56890000000	Rural Health Centre	
Inyathi	28.85610961910	-19.68500000000	District Hospital	
Isabella Mine	28.54944038390	-19.46111000000	Mine Clinic	
Lukala	28.41222000120	-19.26389000000	Rural Health Centre	
Mbembeswana	28.40193939210	-19.33056000000	Rural Health Centre	
PEHO	28.75250053410	-19.80333000000		
Sicanda	28.47528076170	-19.33583000000	Rural Health Centre	
Turk Mine	28.79388999940	-19.71306000000	Mine Clinic	
Mdutshane	28.63129000000	-19.47221000000	Clinic	
Balanda	28.51540000000	-19.45220000000	Rural Health Centre	
Majiji	28.34680000000	-19.37740000000	Clinic	
Raafs	28.64630000000	-19.88480000000	Rural Health Centre	
Bangure	31.77325057980	-19.53564000000	Clinic	
Betera	32.00122070310	-19.37372000000	Rural Health Centre	
Birchenough	32.33853149410	-19.97181000000	Rural Hospital	
Buhera	31.43592071530	-19.33897000000	Rural Hospital	
Chabata	32.15781021120	-19.78603000000	Clinic	
Chapanduka	32.16894149780	-19.68356000000	Clinic	
Chapwanya	31.35243988040	-19.17197000000	Clinic	
Chimbudzi	31.80422019960	-19.47289000000	Clinic	
Chirozva	32.00093841550	-19.45672000000	Clinic	
Chiwenga	31.98941993710	-19.23839000000	Clinic	
Chiweshe	31.88455963130	-19.22269000000	Clinic	
Dorowa	31.76822090150	-19.05431000000	Clinic	
Garamwera	31.40218925480	-19.20661000000	Clinic	
Gombe	31.53335952760	-19.23786000000	Clinic	
Gunura	32.30699920650	-19.87439000000	Clinic	
Madzimbashuro	31.65630912780	-19.43503000000	Rural Health Centre	
Viriri	31.75628089900	-19.40594000000	Clinic	
Zangama	32.11957931520	-19.56878000000	Rural Health Centre	
Mombeyarara	31.60378074650	-19.20428000000	Rural Health Centre	
Mudanda	31.71755981450	-19.39111000000	Clinic	
Munyanyi	31.73460960390	-19.15669000000	Clinic	
Murambinda	31.65555953980	-19.26678000000	District Hospital	
Murwira	31.83353042600	-19.53361000000	Rural Health Centre	
Mutepfe	31.96869087220	-19.76764000000	Clinic	
Mutiusinazita	32.06731033330	-19.72489000000	Clinic	
Muzokomba	31.97167015080	-19.58381000000	Clinic	
Nerutanga	31.35038948060	-19.28703000000	Clinic	
Nyashanu	31.53828048710	-19.28339000000	Clinic	
Rambanapasi	31.65449905400	-19.13994000000	Clinic	
Mudawose	32.09959000000	-19.47415000000	Clinic	
Berenyazvidzi	31.73770000000	-19.05373000000	Clinic	
Chawatama	31.59920000000	-19.13214000000	Rural Health Centre	
Nyashanu	31.87122000000	-19.28324000000	Rural Hosp	
Ndyarima	31.70484000000	-19.49465000000	Clinic	
Maburutse	31.24850000000	-19.24951000000	Clinic	
Lady Stanley	27.58740000000	-20.00000000000	Mission Hospital	
Lady Barring	27.32830000000	-19.94806000000	Mission Hospital	
Brunapeg	28.03306007390	-21.16944000000	Mission Hospital	
Dingumuzi	27.80888938900	-20.50250000000	Clinic	
Dombodema	27.62221908570	-20.40417000000	Clinic	
Embakwe	27.82110977170	-20.77917000000	Mission Hospital	
Empandeni	27.90278053280	-20.70778000000	Clinic	
Hingwe	27.30167007450	-20.14500000000	Clinic	
Huwana	27.46556091310	-19.89528000000	Clinic	
Ingwizi	27.87083053590	-21.11917000000	Clinic	
Madabe	27.75333023070	-20.81444000000	Clinic	
Madlambuzi	27.44333076480	-20.15111000000	Clinic	
Makhuleka	27.26861000060	-19.90611000000	Clinic	
Mambale	28.28471946720	-21.47833000000	Clinic	
Marula	28.09361076350	-20.47250000000	Clinic	
Matshinge	27.71916961670	-20.21028000000	Rural Health Centre	
Mayobodo	28.15155000000	-21.36330000000	Rural Health Centre	
Ndiweni	27.75082969670	-20.36611000000	Clinic	
Ndolwane	27.32832908630	-19.94806000000	Rural Health Centre	
Nswazwi	27.35250091550	-20.39194000000	Rural Health Centre	
Ntoli	27.58749961850	-20.00000000000	Rural Health Centre	
Plumtree	27.80888938900	-20.49667000000	District Hospital	
Sikhatini	27.89916992190	-20.35278000000	Clinic	
Solusi	28.16028022770	-20.19278000000	Clinic	
Tshitshi	27.74806022640	-21.00333000000	Clinic	
Village 13	27.52388954160	-20.39056000000	Rural Health Centre	
Bango	28.13474000000	-21.25769000000	Clinic	
Masendu	27.53517000000	-20.13567000000	Clinic	
Bezu	27.87091000000	-20.23436000000	Clinic	
SANZUKWI	28.00213000000	-21.10654000000	Clinic	
Chadereka	31.20216941830	-16.16700000000	Clinic	
Chawarura	31.11017036440	-16.51850000000	Clinic	
David Nelson	31.11667060850	-16.72950000000	Clinic	
Hoya	31.30266952510	-16.35700000000	Clinic	
Hwata	30.95999908450	-16.32367000000	Clinic	
Machaya	31.16200065610	-16.35067000000	Clinic	
Muzarabani	30.89249992370	-16.39250000000	Clinic	
St Alberts	31.26667022710	-16.57083000000	Mission Hospital	
Chinyani	31.20588000000	-16.58268000000	Clinic	
Dambakurima	31.08856000000	-16.14613000000	Rural Health Centre	
Chidikamwedzi	30.96166000000	-16.80012000000	Clinic	
Always 	31.00230000000	-16.67360000000	Clinic	
BHP	30.43416976930	-18.03611000000	Private Clinic	
Chegutu	30.14944076540	-18.12861000000	District Hospital	
Chegutu DC	30.14555931090	-18.13611000000	Council Clinic	
Chegutu Urban	30.14193916320	-18.12083000000	Municipality-clinic	
Chibero	30.66139030460	-18.09583000000	Clinic	
Chikara	30.70000076290	-18.47028000000	Council Clinic	
Chikwava	30.76972007750	-18.45056000000	Private Clinic	
Chivero	30.60416984560	-18.17944000000	Council Clinic	
David Whitehead	30.12888908390	-18.14167000000	Private Clinic	
Doribwe	30.28083038330	-17.94361000000	Council Clinic	
Gora	30.72999954220	-18.42417000000	Rural Health Centre	
Helenadrof	30.67610931400	-17.87361000000	Clinic	
Hunyani	30.70000076290	-17.85778000000	Private Clinic	
Katangautano	30.66832923890	-17.88250000000	Municipality	
Watyoka	30.68638992310	-18.32444000000	Council Clinic	
Mbuyanehanda	30.21582984920	-17.92139000000	Rural Health Centre	
Mhondoro	30.58860969540	-18.31833000000	Rural Hospital	
Mhondoro North	30.69388961790	-18.16944000000	Council Clinic	
Monera	30.73193931580	-18.11389000000	Council Clinic	
Msengezi	30.10250091550	-17.94944000000	Council Clinic	
Msengezi	30.32305908200	-17.94944000000	Mission Hospital	
Mupawose	30.50250053410	-18.48056000000	Council Clinic	
Musinami	30.49888992310	-18.30306000000	Rural Health Centre	
Norton	30.68750000000	-17.88694000000	Municipality	
Pfupajena	30.13582992550	-18.12444000000	Municipality-clinic	
Rwizi	30.63055992130	-18.44833000000	Council Clinic	
Sandringham	30.66167068480	-18.08361000000	Mission Clinic	
Selous	30.44861030580	-18.06861000000	Council Clinic	
Suri-Suri	29.97694015500	-18.15806000000	Airforce-clinic	
Brunswick	30.04442000000	-18.22281000000	Clinic	
Homedale	30.48453000000	-18.18780000000	Clinic	
Shamrock	29.97025000000	-17.90262000000	Under Construction	
Lizmore	29.96793000000	-18.02337000000	Clinic	
Elvington Clinic	30.13703000000	-18.02175000000	Gold Mine Clinic	
Bvumbura	31.27388954160	-19.13572000000	Clinic	
Chambara	31.00464057920	-18.86886000000	Clinic	
Chivhu	30.90271949770	-19.01814000000	General Hospital	
Chivhu	30.90644073490	-19.00511000000	Clinic	
Daramombe	31.32369041440	-19.10703000000	Mission Clinic	
Gandachibvuva	31.43643951420	-19.10203000000	Mission Hospital	
Gandami	31.26761054990	-18.72261000000	Clinic	
Gokomere	31.35333061220	-19.05353000000	Clinic	
Lancashire	31.15356063840	-19.18906000000	Clinic	
Madamombe	31.10038948060	-19.11844000000	Clinic	
Masasa	31.25441932680	-18.90750000000	Clinic	
Wazvaremaka	31.23793983460	-19.00200000000	Clinic	
Wiltshire	31.17144012450	-18.87272000000	Clinic	
Mbiru	31.20158004760	-18.95808000000	Clinic	
Mufudziwakanaka	31.60444068910	-18.84150000000	Rural Health Centre	
Murezi	31.05356025700	-19.20133000000	Clinic	
Mushipe	31.68363952640	-19.02072000000	Clinic	
Musuma	31.51968955990	-19.15311000000	Clinic	
Mutoro	31.08382987980	-18.85592000000	Clinic	
Mwerahari	31.23664093020	-19.05522000000	Mission Clinic	
Nhangabwe	31.50555992130	-18.85081000000	Rural Health Centre	
Nharira	31.17119026180	-19.07433000000	Rural Hospital	
Nyamhere	31.00374984740	-18.81919000000	Clinic	
Popoteke	31.52386093140	-19.06781000000	Clinic	
Range	31.00064086910	-19.02097000000	Rural Hospital	
Rutanhira	31.41953086850	-18.75014000000	Clinic	
Sadza	31.40797042850	-18.83706000000	District Hospital	
Shumba	31.56767082210	-18.92444000000	Clinic	
Unyetu	31.30097007750	-18.97331000000	Clinic	
St Francis of Assisi	31.11675000000	-19.10157000000	Clinic	
Chivu Prison	30.89779000000	-19.01863000000	Clinic	
Tavara	30.71906000000	-18.80102000000	Clinic	
ZRP	30.88971000000	-19.02226000000	Clinic	
Chivhu	30.90650000000	-19.00511000000	Clinic	
Manyene 	30.99540000000	-18.86420000000	Clinic	
ARDA Rusitu	32.78583145140	-20.03472000000	Clinic	
Biriwiri	32.67343902590	-19.79031000000	Mission Hospital	
Bumba	32.63581085210	-19.65556000000	Rural Health Centre	
Cashel	32.78836059570	-19.54161000000	Clinic	
Chakohwa	32.51755905150	-19.55397000000	Clinic	
Changazi	32.47256088260	-19.93394000000	Rural Health Centre	
Charter	32.80675125120	-19.83536000000	Clinic	
Chayamiti	32.55456161500	-19.66983000000	Clinic	
Chikukwa	32.93732833860	-19.72056000000	Rural Health Centre	
Chikwakwa	32.57313919070	-19.85436000000	Clinic	
Chisengu	32.88586044310	-19.90414000000	Clinic	
Gudyanga	32.40428161620	-19.86911000000	Clinic	
Gwindingwe	32.65383148190	-19.93850000000	Clinic	
Martin	32.93402862550	-19.76719000000	Clinic	
Mhakwe	32.63478088380	-19.82197000000	Clinic	
Muchadziya	32.94860839840	-20.01139000000	Clinic	
Mutambara	32.68603134160	-19.53492000000	Acting District Hospital	
Mutsvangwa	32.91249847410	-20.07528000000	Clinic	
Ngorima	32.85749816890	-20.05167000000	Clinic	
Nyahode	32.82271957400	-19.94106000000	Clinic	
Nyanyadzi	32.42192077640	-19.78694000000	Rural Hospital	
Roscommon	32.81055831910	-20.02167000000	Clinic	
Rusitu	32.86471939090	-20.03361000000	Mission Clinic	
Shinja	32.60668945310	-19.75481000000	Clinic	
Tarka	32.93761062620	-19.97231000000	Clinic	
Tilbury	32.97296905520	-19.90747000000	Clinic	
Chimanimani Hospital	32.85760000000	-19.81937000000	Rural Hosp	
ARDA Estates	32.23221969600	-20.87639000000	Clinic	
ARDA-Mid-Save	32.37889099120	-20.05167000000	Clinic	
Checheche	32.61000061040	-20.03722000000	Clinic	
Chibuwe	32.30083084110	-20.46417000000	Clinic	
Chikore	32.49777984620	-20.43694000000	Mission Hospital	
Chinyamukwaka	32.36082839970	-20.91722000000	Clinic	
Chipangayi	32.35332870480	-20.26306000000	Clinic	
Chipinge	32.61917114260	-20.19583000000	District Hospital	
Chiringa	32.60749816890	-20.27611000000	Clinic	
Chisuma	32.36027908330	-21.05306000000	Clinic	
Clear Water	32.72721862790	-20.10889000000	Clinic	
Gaza	32.63943862920	-20.19194000000	Council Clinic	
Gumuka	32.28028106690	-20.60333000000	Clinic	
Gwenzi	32.66249847410	-20.53000000000	Clinic	
Hwakata	32.48556137080	-20.82556000000	Clinic	
Jersey	32.67972183230	-20.52528000000	Clinic	
Junction Gate	32.78416824340	-20.16056000000	Clinic	
Kondo	32.38528060910	-20.39806000000	Clinic	
Kopera	32.77000045780	-20.32139000000	Clinic	
Mabeye	32.36027908330	-20.90194000000	Clinic	
Madhuka	32.36333084110	-20.72111000000	Rural Health Centre	
Mahenye	32.39278030400	-21.25000000000	Clinic	
Manzvire	32.34027862550	-20.77556000000	Clinic	
Zamchiya	32.47750091550	-20.69972000000	Clinic	
Zona	32.73611068730	-20.43722000000	Clinic	
ZRP-Chipinge	32.62221908570	-20.19917000000	Clinic	
Mt. Selinda	32.70306015010	-20.42389000000	Mission Hospital	
Muparadze	32.27666854860	-21.07389000000	Clinic	
Musani	32.40333175660	-20.08361000000	Clinic	
Musirwizi	32.58028030400	-20.46028000000	Clinic	
Mutandahwe	32.19499969480	-21.01056000000	Clinic	
Mutema	32.36027908330	-20.13417000000	Clinic	
New Year Gift	32.57444000240	-20.09583000000	Clinic	
Ngaome	32.56972122190	-19.98972000000	Clinic	
Paidamoyo	32.80582809450	-20.11056000000	Clinic	
Ratelshoek	32.80611038210	-20.24639000000	Clinic	
Rimbi	32.39305877690	-20.54750000000	Clinic	
Silverstream	32.68444061280	-19.98972000000	Clinic	
Southern Hold.	32.82249832150	-20.26500000000	Clinic	
St. Peters	32.21527862550	-20.77111000000	Mission Hospital	
Tanganda	32.35055923460	-20.11056000000	Clinic	
Tongogara	32.30638885500	-20.34806000000	Clinic	
Vheneka	32.15388870240	-20.93722000000	Clinic	
ZRP Birchnough Bridge	32.37463000000	-19.96033000000	Clinic	
Mahenye	32.39283000000	-21.25018000000	Rural Health Centre	
Town Clinic	32.62535000000	-20.19118000000	Clinic	
Tamandai	32.83279000000	-20.30563000000	Clinic	
Chambuta	31.80488967900	-21.25369000000	Clinic	
Chikombedzi	31.33930969240	-21.67494000000	Hospital	
Chilonga	31.65586090090	-21.22336000000	Clinic	
Chimbwedziva	31.79063987730	-21.35144000000	Clinic	
Chingele	31.61894035340	-21.41761000000	Clinic	
Chipiwa	31.79128074650	-20.83600000000	Clinic	
Chiredzi	31.67321968080	-21.03600000000	Hospital	
Chitsa	32.15139007570	-21.10053000000	Clinic	
Chizvirizvi	32.01939010620	-20.98369000000	Clinic	
Chomopani	31.29052925110	-21.53381000000	Clinic	
Damarakanaka	31.47324943540	-21.33969000000	Clinic	
Davata	31.23349952700	-22.26981000000	Clinic	
Dumisa	31.40394020080	-22.21711000000	Clinic	
Gezani	31.15553092960	-22.10286000000	Clinic	
Hippo Valley	31.65110969540	-21.07347000000	Clinic	
Mahlanguleni	31.50419044490	-21.53764000000	Clinic	
Makambe	31.34011077880	-21.45361000000	Clinic	
Malipati	31.42019081120	-22.07142000000	Rural Health Centre	
ZRP	31.67328071590	-21.03814000000	Clinic	
ZSA	31.61693954470	-21.03806000000	Clinic	
Mkwasine	31.88460922240	-20.83886000000	Clinic	
Muteyo	32.12044143680	-20.93611000000	Clinic	
NRZ	31.46928024290	-21.02481000000	Clinic	
Nyangambe	31.75230979920	-20.68347000000	Clinic	
Old Boli	31.45088958740	-21.42189000000	Clinic	
Pahlela	31.35771942140	-21.94103000000	Clinic	
PMD Masvingo	30.83344078060	-20.09081000000	PMD Offices	
Porepore	31.90518951420	-20.78747000000	Clinic	
Rapanguwana	32.15027999880	-21.00061000000	Clinic	
Rutandare	31.30443954470	-22.10658000000	Clinic	
Samu	31.37443923950	-22.23522000000	Clinic	
St Joseph	32.12078094480	-20.82314000000	Clinic	
Triangle	31.47485923770	-21.04056000000	Hospital	
Tsovani	31.68841934200	-21.03900000000	Clinic	
Faversham	31.35101000000	-20.68621000000	Clinic	
Chaka	30.68914031980	-19.53636000000	Clinic	
Chengwena	30.55322074890	-19.80483000000	Clinic	
Chizhou	30.50447082520	-19.55183000000	Rural Health Centre	
Denhere	30.51683044430	-19.77036000000	Rural Health Centre	
Driefontein	30.70710945130	-19.41889000000	T.B Hospital	
Guramatunhu	30.48756027220	-19.63519000000	Clinic	
Hama	30.62450027470	-19.85431000000	Clinic	
Holy Cross	30.59094047550	-19.56742000000	Rural Health Centre	
Lalapanzi	30.18531036380	-19.33514000000	Clinic	
Lynwood	30.52421951290	-19.40619000000	Rural Health Centre	
Mtao	30.62038993840	-19.35250000000	Clinic	
Muwonde	30.70203018190	-19.42233000000	Mission Hospital	
Mvuma	30.52086067200	-19.29036000000	District Hospital	
Nyautonga	30.68371963500	-19.65475000000	Rural Health Centre	
Nyikavanhu	30.65077972410	-18.97053000000	Rural Health Centre	
Siyahokwe	30.50431060790	-19.68994000000	Rural Health Centre	
St. Theresa	30.63485908510	-19.71856000000	Mission Hospital	
Tokwe 4	30.25167083740	-19.47556000000	Clinic	
Central Estates	30.46363000000	-19.22110000000	Clinic	
CITIMED	31.06990000000	-18.01360000000	Hospital	
Chitungwiza	31.06280000000	-18.01760000000	Hospital	
Zengeza 3	31.05820000000	-18.00660000000	clinic	
Seke North	31.09430000000	-18.01520000000	clinic	
ZRP camp	31.11030000000	-18.01690000000	clinic	
Seke South	31.07630000000	-18.03140000000	clinic	
St Mary's	31.04270000000	-17.99470000000	clinic	
Manyame 24Hr	31.04270000000	-17.99080000000	Maternity clinic	
Berejena	30.58960914610	-20.63389000000	Mission Clinic	
Chifedza	30.55810928340	-20.45081000000	Clinic	
Chigwikwi	30.20046997070	-20.15394000000	Rural Health Centre	
Chivi	30.50655937190	-20.31897000000	District Hospital	
Chivi	30.55755996700	-20.35531000000	Mission Clinic	
Chivi	30.68786048890	-20.39058000000	Rural Hospital	
Davira	30.43564033510	-20.47203000000	Clinic	
Kuranda	30.25668907170	-20.05147000000	Clinic	
Madamombe	30.32361030580	-20.05228000000	Rural Health Centre	
Masinire	30.37121963500	-20.40044000000	Clinic	
Mhandamabwe	30.37161064150	-20.11747000000	Rural Health Centre	
Ngundu	30.80264091490	-20.80253000000	Rural Health Centre	
Nyahombe	30.98888969420	-20.82406000000	Clinic	
Razi	30.65422058110	-20.71986000000	Rural Health Centre	
Shindi	30.85036087040	-20.87186000000	Clinic	
Takavarasha	30.30731010440	-20.33397000000	Rural Health Centre	
Utete	30.20657920840	-20.03928000000	Clinic	
Esibobvu	28.90357971190	-20.40247000000	Clinic	
Esigodini	28.93678092960	-20.28347000000	District Hospital	
Habani	28.95606040950	-20.32064000000	Clinic	
How Mine	28.78455924990	-20.30364000000	Mine Clinic	
Irisvale	29.08530998230	-20.52311000000	Rural Health Centre	
Kumbuzi	28.90706062320	-20.62233000000	Rural Health Centre	
Mawabeni	28.98513984680	-20.40653000000	Clinic	
Mbizingwe	28.81893920900	-20.40375000000	Rural Health Centre	
Mhlahlandlela	28.78556060790	-20.52142000000	Clinic	
Nhlangano	28.77243995670	-20.20519000000	Clinic	
Nswazi	28.98477935790	-20.55722000000	Clinic	
Ntshamathe	28.79100036620	-20.15072000000	Clinic	
Chemahuro	29.11277961730	-18.21611000000	Clinic	
Chireya	28.59889030460	-17.54417000000	Rural Hospital	
Chitave	28.45111083980	-18.19778000000	Clinic	
Day & Night	28.93750000000	-18.55778000000	Private Clinic	
Denda	28.82028007510	-17.78917000000	Clinic	
Gawa	28.73389053340	-18.26167000000	Clinic	
Gokwe	28.92499923710	-18.21139000000	District Hospital	
Goredema	28.89694023130	-17.85194000000	Clinic	
Gumunyu	28.90527915950	-17.40972000000	Clinic	
Gwanyika	29.24167060850	-18.26278000000	Rural Health Centre	
Huchu	28.53249931340	-17.98611000000	Clinic	
Jahana	28.95332908630	-18.01806000000	Clinic	
Jiri	28.25749969480	-18.34500000000	Clinic	
Kadzidirire	28.93832969670	-17.50028000000	Rural Health Centre	
Kahobo	28.76333045960	-17.73750000000	Clinic	
Kana	28.51582908630	-18.55583000000	Mission Hospitals	
Krima	29.37194061280	-18.45028000000	Clinic	
Kuwirirana	29.03027915950	-17.90750000000	Clinic	
Madzivazu	28.50583076480	-17.62972000000	Clinic	
Mangidi	28.35582923890	-18.12194000000	Clinic	
Manoti	28.37944030760	-18.45833000000	Clinic	
Manyoni	28.60222053530	-18.14722000000	Clinic	
Zhamba	28.06110954280	-18.22500000000	Clinic	
Zhomba	28.31306076050	-17.44139000000	Clinic	
Mashame	28.79750061040	-17.27250000000	Rural Health Centre	
Masuka	28.40250015260	-18.00333000000	Clinic	
Mateta	28.53306007390	-18.39250000000	Rural Health Centre	
Msala	28.04528045650	-18.46500000000	Clinic	
Mtora	29.00694084170	-17.72083000000	Rural Hospital	
Musita	28.57860946660	-17.84361000000	Clinic	
Mutange	29.24028015140	-18.20472000000	Clinic	
Mzadzi	29.05278015140	-17.47944000000	Rural Health Centre	
Nenyunga	28.25305938720	-17.44139000000	Clinic	
Norah	29.16777992250	-17.51306000000	Rural Health Centre	
Nyaje	28.79750061040	-18.55222000000	Rural Health Centre	
Nyamunga	29.46249961850	-18.34667000000	Clinic	
Rubatsiro	29.09388923650	-17.77472000000	Clinic	
Sai	28.32860946660	-18.25861000000	Clinic	
Sesame	28.73500061040	-17.95472000000	Clinic	
Simchembu	28.23969078060	-17.68439000000	Clinic	
Svisvi	28.77750015260	-18.06028000000	Rural Health Centre	
Tongwe	29.10388946530	-18.08111000000	Clinic	
Tsungai	29.14249992370	-17.61306000000	Rural Health Centre	
Vumba	28.18426000000	-17.76407000000	Clinic	
Nembudziya	29.01016000000	-17.72261000000	Hospital	
Nyamazengwe	29.05069000000	-17.81966000000	Clinic	
Nyamhara	28.85431000000	-17.59907000000	Clinic	
Mateme	28.92017000000	-18.57530000000	Clinic	
Acturus Mine	31.31681060790	-17.78800000000	Clinic	
Bosha	31.55306053160	-17.50075000000	Rural Health Centre	
Chikwaka	31.48586082460	-17.55206000000	Rural Hospital	
Chinamhora	31.18456077580	-17.57161000000	Clinic	
Chinyika	31.35627937320	-17.83503000000	Clinic	
Cranborne Clinic	31.20742034910	-17.95506000000	Clinic	
Domboshava	31.13871955870	-17.60214000000	Clinic	
John Reimer	31.38442039490	-17.72214000000	Clinic	
Kowoyo	31.48925018310	-17.67219000000	Clinic	
Kubatsirana	31.37047004700	-17.82031000000	Clinic	
Makumbe	31.27318954470	-17.54042000000	District Hospital	
Masukandoro	31.15321922300	-17.54042000000	Clinic	
Mwanza	31.48681068420	-17.76875000000	Rural Health Centre	
Nyaure	31.27144050600	-17.62294000000	Clinic	
Pote	31.12093925480	-17.57222000000	Clinic	
Rusike	31.51822090150	-17.87261000000	Clinic	
Ruwa	31.23760986330	-17.89006000000	Clinic	
Ruwa Rehab.	31.23513984680	-17.90167000000	Hospital	
Gejo raRuby	31.32380000000	-17.74040000000	RHC	
Goromonzi High 	31.35970000000	-17.86720000000	Clinic	
Joan Rankini 	31.38470000000	-17.72230000000	RHC	
Melfort 	31.32400000000	-17.99980000000	RHC	
Rusununguko 	31.43310000000	-17.99160000000	RHC	
Ruwa 	31.23770000000	-17.89020000000	DayCare RHC	
Ruwa 	31.24180000000	-17.89660000000	PolyClinic	
St Joseph's 	31.19640000000	-17.75140000000	RHC	
Arcturus	31.31640000000	-17.77860000000	Clinic	
Angwa	30.30805969240	-16.10195000000	Clinic	
Bakasa	30.69277954100	-16.52667000000	Clinic	
Bepura	30.67250061040	-16.85667000000	Clinic	
Bvochora	30.58551979060	-16.57822000000	Clinic	
Chapoto	30.39763069150	-15.70058000000	Clinic	
Chidodo	31.05616950990	-16.02513000000	Clinic	
Chikafa	30.56088066100	-16.00798000000	Clinic	
Chipuriro	30.72571945190	-16.77972000000	Clinic	
Chitsungo	30.55571937560	-16.27722000000	Clinic	
Gonono	30.83333015440	-16.08695000000	Clinic	
Gota	30.65777969360	-16.58639000000	Clinic	
Guruve	30.70222091670	-16.67111000000	District Hospital	
Horseshoe	30.88666915890	-16.70306000000	Clinic	
Kachuta	30.50264930730	-16.63361000000	Clinic	
Mahuwe	30.73527908330	-16.38389000000	Clinic	
Mashumbi	30.55669975280	-16.17507000000	Clinic	
Masoka	30.16666984560	-16.16667000000	Clinic	
Masomo	30.89067077640	-16.31323000000	Clinic	
Matsvitsi	30.61083030700	-16.67278000000	Clinic	
Msengezi	31.11824989320	-16.11073000000	Clinic	
Negomo	30.75917053220	-16.51056000000	Clinic	
Nyakapupu	30.62805938720	-16.75167000000	Clinic	
Nyamhondoro	30.75778007510	-16.85139000000	Clinic	
Ruyamuro	30.79528045650	-16.71917000000	Clinic	
Shinje	30.72360992430	-16.70667000000	Clinic	
Birkdale	30.71890000000	-16.96896600000	Rural Health Centre	
Mugarakamwe	30.57957000000	-16.86427000000	Rural Health Centre	
Kemutamba	30.44222000000	-16.63607000000	Rural Health Centre	
Kamusasa	30.87209000000	-16.66756000000	Clinic	
Guruve 	30.70320000000	-16.66280000000	Clinic	
Brandon 	30.58410000000	-16.96990000000	Clinic	
Birkdale	30.71910000000	-16.96900000000	Clinic	
Chepiri	31.88508033750	-19.80603000000	Clinic	
Chimombe	31.60614013670	-19.67189000000	Rural Hospital	
Chinyika	31.48505973820	-19.50567000000	Rural Health Centre	
Chitando	31.20241928100	-19.90722000000	Rural Health Centre	
Chitsa	31.61733055110	-19.50175000000	Rural Health Centre	
Chiwore	30.83930969240	-19.63397000000	Clinic	
Dambara	31.28635978700	-19.37464000000	Clinic	
Denhere	31.18907928470	-19.28422000000	Clinic	
Devure	31.38666915890	-19.66761000000	Mission Clinic	
Guni	31.14068984990	-20.00739000000	Clinic	
Gutu	31.15007972720	-19.65761000000	Hospital	
Gutu	31.21805953980	-19.65678000000	Mission Hospital	
Magombedze	31.35021972660	-19.75803000000	Clinic	
Majarada	31.38452911380	-19.83931000000	Rural Health Centre	
Zinhata	31.58646965030	-19.81789000000	Clinic	
Mataruse	31.77186012270	-19.61928000000	Clinic	
Matizha	30.96875000000	-19.47356000000	Clinic	
Mazura	31.64043998720	-19.60406000000	Clinic	
Mukaro	31.15789031980	-19.75686000000	Clinic	
Munyikwa	31.80521965030	-19.72236000000	Rural Health Centre	
Mushaviri	31.10091972350	-19.72333000000	Clinic	
Mutema	30.98797035220	-19.88822000000	Clinic	
Mutero	31.43803024290	-19.63433000000	Mission Clinic	
Nemashakwe	31.68405914310	-19.83439000000	Clinic	
Nerupiri	31.03528022770	-19.85586000000	Clinic	
Nyazvidzi	31.36735916140	-19.40494000000	Clinic	
Serima	30.88368988040	-19.51861000000	Mission Hospital	
Soti Source	31.20718955990	-19.45097000000	Clinic	
Tirizi	31.45027923580	-19.75394000000	Clinic	
Zvavahera	31.35560989380	-19.57472000000	Clinic	
Blanket Mine	28.90613937380	-20.87447000000	Mine Clinic	
Buvuma	29.20446968080	-21.46747000000	Clinic	
Collen Bawn	29.22178077700	-21.00350000000	Mine Clinic	
Freda Mine	28.80032920840	-20.97178000000	Mine Clinic	
Gungwe	28.88731002810	-21.45617000000	Rural Health Centre	
Gwanda Prison	29.00653076170	-20.95706000000	Clinic	
Gwanda Prov. Hosp	29.00005912780	-20.95786000000	Provincial Hospital	
Jessie Mine	29.32280921940	-21.05517000000	Mine Clinic	
JZ Moyo	29.37214088440	-20.99019000000	School Clinic	
Kafusi	28.77222061160	-21.60386000000	Clinic	
Makwe	28.75638961790	-20.96919000000	Rural Health Centre	
Manama	28.99114036560	-21.57014000000	Mission Hospital	
Vumba-Chingwe	28.92378044130	-20.88653000000	Clinic	
ZNFPC	29.01849937440	-20.94064000000	Clinic	
Mashaba	28.95038986210	-21.66825000000	Clinic	
Mtshabezi	28.90691947940	-20.70111000000	Mission Hospital	
Mzimuni	29.13558006290	-20.65025000000	Clinic	
Nhwali	29.20549964900	-21.70358000000	Rural Health Centre	
Ntalale	28.88607978820	-21.35731000000	Clinic	
Pakama	29.02396965030	-20.93975000000	Clinic	
Sengwezani	28.97450065610	-21.37139000000	Rural Health Centre	
Silonga	29.17406082150	-21.38333000000	Clinic	
Simbumbumbu	28.75761032100	-20.75217000000	Rural Health Centre	
Stanmore	29.03660964970	-20.66992000000	Clinic	
Dwala	29.71504000000	-21.08346000000	Clinic	
Oakley Block	29.35371000000	-21.36520000000	Clinic(Not Open)	
Mapate	28.90015000000	-21.57018000000	Cliniclinic	
Garanyemba	28.98773000000	-21.16676000000	Clinic	
Joshua Mqabuko Nkomo	29.01290000000	-20.95247000000	School Clinic	
Lushongwe	28.78025000000	-21.01852000000	Clinic	
ZRP	29.01240000000	-20.93730000000	ZRP clinic	
West Nicolson	29.36890000000	-21.07090000000	Clinic	
Sitezi	28.80050000000	-20.82090000000	clinic	
Chikwingwizha	29.95642089840	-19.55550000000	Clinic	
Chiundura	29.95261001590	-19.23689000000	Clinic	
Connemara	29.81996917720	-19.20722000000	Clinic	
Gunde	30.00278091430	-19.18781000000	Clinic	
Gweru P.H	29.83908081050	-19.47222000000	Provincial Hospital	
Kabanga	30.07344055180	-19.13950000000	Clinic	
Lower Gweru	29.54042053220	-19.38747000000	Mission Clinic	
Maboleni	29.43983078000	-19.29136000000	Clinic	
Madhikani	29.30513954160	-19.27042000000	Clinic	
Makepesi	29.56883049010	-19.38919000000	Clinic	
Mangwande	29.42280960080	-19.37181000000	Clinic	
Vungu	29.47228050230	-19.40322000000	Clinic	
Whahwa	30.02071952820	-19.35661000000	Prison Clinic	
Masvori	30.05999946590	-19.21278000000	Clinic	
Mlezu	29.92036056520	-19.15614000000	Rural Health Centre	
Nkululeko	29.65280914310	-19.20103000000	Rural Health Centre	
Ntabamhlope	29.40489006040	-19.17239000000	Rural Health Centre	
Somabula	29.66994094850	-19.70069000000	Clinic	
St Patricks	29.90280914310	-19.22369000000	Mission Clinic	
Dabuka	29.78063000000	-19.52241000000	Clinic	
Railways	29.80665000000	-19.45662000000	Clinic	
Kariba	29.78741000000	-19.46933000000	Clinic	
Ivene	29.80070000000	-19.49625000000	Clinic	
Totonga	29.82668000000	-19.42968000000	Clinic	
Monomutapa	29.80173000000	-19.44489000000	Clinic	
Child Welfare	29.83183000000	-19.46832000000	Clinic	
Senga Poly	29.83814000000	-19.49622000000	Clinic	
Mkoba Poly	29.75082000000	-19.45900000000	Clinic	
Sino Zimbabwe	30.05050000000	-19.41840000000	Clinic	
Nyama	29.34163000000	-19.21865000000	Clinic	
Isolation	29.79211000000	-19.43009000000	Hospital	
Zim alloys	29.79629000000	-19.46333000000	clinic	
Zim Alloys	29.79629000000	-19.46333000000	Clinic	
Zim Glass	29.79642000000	-19.45721000000	Clinic	
Claybank	29.83327000000	-19.46829000000	Hospital	
ZIMCAST	29.79985000000	-19.46364000000	Clinic	
Mkoba 1	29.76658000000	-19.46726000000	Clinic	
BATA	29.79553000000	-19.47412000000	Clinic	
Highlands 	31.08560000000	-17.81870000000	PC clinic	
Highlands 	31.08910000000	-17.79970000000	FHS	
Greendale	31.12910000000	-17.81050000000	FHS	
Mabvuku	31.19710000000	-17.83570000000	Poly clinic	
Tafara	31.21350000000	-17.83160000000	clinic	
Caledonia	31.23480000000	-17.84510000000	clinic	
Mabvuku	31.18410000000	-17.83890000000	FHS	
Hatfield	31.08640000000	-17.87870000000	clinic	
Matapi	31.04270000000	-17.85890000000	clinic	
Avondale	31.02910000000	-17.78830000000	clinic	
Mabelreign	30.99870000000	-17.79140000000	satellite clinic	
Malborough	30.99810000000	-17.75680000000	satellite clinic	
Hatcliffe 	31.10750000000	-17.69740000000	Poly clinic	
Mufakose	30.92970000000	-17.86690000000	Poly clinic	
Kambuzuma	30.96830000000	-17.85810000000	Poly clinic	
Southerton	31.00890000000	-17.86630000000	clinic	
Mbare 	31.03550000000	-17.85970000000	Poly clinic	
Mbare hostels	31.03930000000	-17.86660000000	clinic	
Waterfalls	31.03080000000	-17.89030000000	clinic	
Glen norah	30.96900000000	-17.90580000000	Satellite clinic	
Western Triangle	30.98040000000	-17.89490000000	clinic	
Glen view	30.95080000000	-17.90800000000	Poly clinic	
Budiriro	30.93540000000	-17.89120000000	Poly clinic	
Hopley	30.99000000000	-17.92490000000	clinic	
Rutsanana	30.98610000000	-17.90650000000	clinic	
Highfield	30.99450000000	-17.88460000000	Poly clinic	
Beatrice Infectious	31.02820000000	-17.86010000000	Hospital	
Mt pleasant	31.04580000000	-17.76910000000	clinic	
Harare	31.01280000000	-17.86090000000	Hospital	
Parirenyatwa	30.04330000000	-17.81220000000	Hospital	
Belvedere	31.02430000000	-17.82000000000	Poly clinic	
Kuwadzana 	30.92850000000	-17.83230000000	Poly clinic	
Warren Park	30.97820000000	-17.83380000000	Poly clinic	
Sunningdale	31.05430000000	-17.86840000000	satellite clinic	
Arcadia	31.05460000000	-17.84680000000	clinic	
Braeside	31.06570000000	-17.83990000000	clinic	
Eastly	31.08610000000	-17.82560000000	FHS	
Chidamoyo	29.19194030760	-17.14833000000	Mission Hospital	
Chikanziwe	29.69778060910	-16.80722000000	Council Clinic	
Chinhere	29.43693923950	-17.21556000000	Council Clinic	
Chirundu	28.86055946350	-16.04389000000	Gvt Clinic	
Chivende	29.34943962100	-17.31583000000	Gvt Clinic	
Chundu	29.64249992370	-16.39278000000	Council Clinic	
Dete	29.94249916080	-16.50056000000	Council Clinic	
Hesketh	29.53778076170	-16.86944000000	Council Clinic	
Hewiyai	29.67388916020	-16.56972000000	Council Clinic	
Kapfunde	29.40833091740	-17.06583000000	Council Clinic	
Karoi	29.68778038020	-16.81528000000	District Hospital	
Karuru	29.64278030400	-16.47806000000	Council (Construction)	
Kasimube	29.87722015380	-17.03111000000	Rural Health Centre	
Kazangarare	29.83555984500	-16.55917000000	Gvt Council	
Lynx	29.45083045960	-16.59806000000	Clinic Private Clinic	
Magunje	29.41056060790	-16.85500000000	Rural Hospital	
Magunje Army	29.42333030700	-16.86528000000	Army Clinic	
Mana Pools	29.36194038390	-15.72139000000	National Park-clinic	
Marongora	29.16250038150	-16.22889000000	National Park-clinic	
Masanga	29.22999954220	-16.73611000000	Gvt Clinic	
Mashongwe	29.54166984560	-16.44056000000	Council Clinic	
Mwami	29.77610969540	-16.67167000000	clinic	
Nyama	29.76721954350	-16.40694000000	Council	
Nyamakaze	29.43638992310	-16.40389000000	Gvt Clinic	
Nyamhunga	29.19528007510	-16.88500000000	Council Clinic	
Nyangoma	29.92667007450	-16.86639000000	Council Clinic	
Tenewe	29.61166954040	-17.29056000000	Council Clinic	
Zvipani	29.21027946470	-16.98306000000	Gvt Clinic	
Deve	29.03146000000	-17.02504000000	Clinic(Not Open)	
Chiedza	29.06433000000	-17.12012000000	Clinic(Not Open)	
Lan lorry	29.46661000000	-16.75765000000	Clinic	
Doro	29.35702000000	-16.71696000000	Clinic	
Chinotimba	25.82583045960	-17.94528000000	Clinic	
Chisuma	25.95471954350	-18.01361000000	Rural Health Centre	
Dete	26.86778068540	-18.61583000000	Clinic	
Dinde	26.73749923710	-18.38000000000	Clinic	
Empumalanga	26.50082969670	-18.34972000000	Clinic	
Gwayi	27.18638992310	-18.61111000000	Clinic	
Jambezi	26.22750091550	-18.05222000000	Rural Health Centre	
Kamative	27.05971908570	-18.31500000000	Hospital	
Kanywambizi	26.31110954280	-18.01694000000	Rural Health Centre	
Lukosi	26.62778091430	-18.36056000000	Rural Hospital	
Lukunguni	26.22833061220	-18.04444000000	Mission Hospital	
Lupote	26.96417045590	-18.51278000000	Clinic	
Main Camp.	26.95222091670	-18.73167000000	Clinic	
Makwandara	27.20055961610	-18.31722000000	Rural Health Centre	
Wankie	26.50056076050	-18.35722000000	Private Hospital	
Mwemba	26.56056022640	-18.18333000000	Rural Health Centre	
Ndlovu	25.98389053340	-18.10083000000	Rural Health centre	
Safari Lodge	26.97443962100	-18.65611000000	Clinic	
Simangani	26.72417068480	-18.11028000000	Rural Health centre	
Victoria Falls	25.82611083980	-17.94389000000	District Hospital	
Dete	26.85831000000	-18.62354000000	Railways-clinic	
Hwange District Hospital	26.57485000000	-18.34985000000	District Hospital	
No 1 Clinic	26.49204000000	-18.35426000000	Clinic	
No1 North	26.47342000000	-18.33347000000	Clinic	
No 5 Clinic	26.44014000000	-18.37726000000	Clinic	
No 2 Dressing Station	26.43633000000	-18.36078000000	Clinic	
No 2 Clinic	26.42891000000	-18.36407000000	Clinic	
Ingagula	26.46145000000	-18.38911000000	Clinic	
No 3 Clinic	26.40722000000	-18.41659000000	Clinic	
ZRP Hwange	26.51302000000	-18.34558000000	Clinic	
NRZ Surgery	26.48723000000	-18.37115000000	Railways-clinic	
Ngumija	26.49616000000	-18.37741000000	Railways-clinic	
No 1 Dressing Station	26.49264000000	-18.36288000000	Mine Clinic	
Zimbabwe Prison Services	26.53142000000	-18.34919000000	Clinic	
Robbins Camp	25.98653000000	-18.62904000000	Clinic	
Elephant Hills	25.82613000000	-17.91214000000	Hotel Clinic	
Victoria Falls Clinic	25.84274000000	-17.93138000000	Industrial Clinic	
ZRP Victoria Falls	25.83730000000	-17.92907000000	ZRP Clinic	
Meheni	27.82312000000	-17.56870000000	Conucil Not Open	
Milonga	26.21412000000	-18.13872000000	Clinic(Not Open)	
Mabale	27.07020000000	-18.57210000000	Rural Health Centre	
Zesa Chibondo	26.51410000000	-18.33060000000	Clinic	
St Patricks	26.51220000000	-18.32890000000	Mission Hospital	
Hwange Colliery Hospital	26.50220000000	-18.35820000000	Mine Hospital	
Nguminja	26.49630000000	-18.37740000000	Mine clinic	
surgery	26.48740000000	-18.37130000000	Mine Clinic	
Dressing station	26.49270000000	-18.36290000000	Mine Clinic	
Chigondo	31.71972084050	-18.85983000000	Clinic	
Chikurumadziva	31.91749954220	-19.04894000000	Rural Health Centre	
Garaba	31.53463935850	-18.70850000000	Rural Health Centre	
Goneso	31.90127944950	-18.89328000000	Rural Health Centre	
Goto	31.80672073360	-18.72842000000	Clinic	
Makarara	31.83481025700	-19.02697000000	Clinic	
Wedza	31.56722068790	-18.62839000000	Rural Hospital	
Mt St Mary's	31.68358039860	-18.70842000000	Mission Hospital	
Mukamba	31.82132911680	-18.87653000000	Clinic	
Sengezi	31.48711013790	-18.74408000000	Clinic	
Zvidhuri	31.72294044490	-18.96144000000	Clinic	
Gotora	31.45557000000	-18.65151000000	Rural Health Centre	
Idube	31.52172000000	-18.50209000000	Clinic	
Sango 	31.75050000000	-18.78240000000	Clinic	
Avoca	29.50555992130	-20.83492000000	Rural Hospital	
Epoch	29.27046966550	-20.43822000000	Mine Clinic	
Filabusi	29.28667068480	-20.54033000000	District Hospital	
Gwatemba	29.69050025940	-20.40542000000	Rural Health Centre	
Mabuze	29.45292091370	-20.93906000000	Rural Health Centre	
Wanezi	29.58552932740	-20.57447000000	Rural Hospital	
Zhulube	29.29006004330	-20.64019000000	Clinic	
Nkankezi	29.42378044130	-20.48781000000	Rural Health Centre	
Nyamime	29.30438995360	-20.90644000000	Rural Health Centre	
PBS	29.18581008910	-20.13897000000	Clinic	
Sanale	29.55517005920	-20.68947000000	Rural Health Centre	
Shangani	29.22488975520	-19.68997000000	Mine Clinic	
Shangani	29.37375068660	-19.78414000000	Rural Hospital	
Singwango	29.31760978700	-20.78678000000	Clinic	
Kombo	29.04724000000	-19.85475000000	Clinic	
Montrose 7	29.49420000000	-20.33999000000	Under Construction	
Lambamai	29.70742000000	-20.10003000000	Under Construction	
Mplalawami	29.78944000000	-20.04728000000	(New Site)	
Singwambizi	29.54654000000	-20.93315000000	Clinic	
Saphila	29.38517000000	-20.84809000000	Council Clinic(Construction)	
Annex	29.88166999820	-18.35528000000	Gvt Infections	
Battlefields	29.90583038330	-18.62444000000	Army Hospital	
Bumbe	30.41666984560	-18.59389000000	Rural Health Centre	
Bururu	30.49056053160	-18.69722000000	Council Clinic	
Chakari	29.84527969360	-18.07833000000	Private Mine Clinic	
Chegutu 6	29.75499916080	-17.92028000000	(New Site)	
Chenjiri	29.40943908690	-17.86083000000	Council Clinic	
Chirikiti	29.42056083680	-17.97611000000	Council Clinic	
Donain	29.62888908390	-18.50778000000	Rural Health Centre	
Dondoshava	30.59693908690	-18.68278000000	Gvt Clinic	
Eiffel Flat	29.98110961910	-18.31694000000	Mine Clinic	
Gena 1	29.32472038270	-17.87056000000	Rural Health Centre	
Golden Valley	29.79306030270	-18.22306000000	Private Mine Clinic	
Ingezi	29.85972023010	-18.37889000000	Municipality	
Jompani	29.44861030580	-18.06917000000	Rural Health Centre	
Kadoma Clinic	29.89833068850	-18.34583000000	Municipality	
Kadora	29.91167068480	-18.33083000000	District Hosp	
Mafindifindi	30.51416969300	-18.74611000000	Council Clinic	
Manyewe	30.52305984500	-18.60722000000	Council Clinic	
Manyoni	30.46833038330	-18.81750000000	Council Clinic	
Mukarati	30.48917007450	-18.55667000000	Council Clinic	
Murambwa	30.72167015080	-18.58333000000	Council clinic	
Muuyu	29.49193954470	-17.94722000000	Council Clinic	
Muzvezve	30.58250045780	-18.54444000000	Gvt Clinic	
Ngezi	30.63249969480	-18.65417000000	Rural Hosp	
Nyabango	29.52721977230	-17.85306000000	Rural Health Centre	
Nyamatani	29.53471946720	-18.19917000000	Rural Health Centre	
Nyaonde	29.43693923950	-17.73222000000	Rural Health Centre	
Ordoff	29.84749984740	-18.28083000000	Council Clinic	
Prisons	29.87556076050	-18.38917000000	Gvt Clinic	
Rusvingo	29.41444015500	-17.60833000000	Clinic (construction)	
Sanyati	29.30916976930	-17.95278000000	Mission Hospital	
Sanyati Area	29.24333000180	-17.99083000000	Council Clinic	
St. Michaels	30.67889022830	-18.56667000000	Mission Hospital	
Turf	30.27693939210	-18.67639000000	Council Clinic	
Venice	29.77249908450	-18.50778000000	Mine Clinic	
Venice	29.77249908450	-18.50778000000	Mine Clinic	
Twin Tops	30.10364000000	-18.58832000000	Clinic	
Black Movale	29.87599000000	-17.94313000000	Clinic	
Gavhunga	30.55990000000	-18.72362000000	Clinic(Not Open)	
Jairos Jiri	29.87825000000	-18.34778000000	Clinic	
Kadoma Pop.	29.88327000000	-18.34446000000	Clinic	
PSI	29.89131000000	-18.34622000000	Clinic	
Waverly	29.91910000000	-18.34768000000	Clinic	
Chingondo	30.35557000000	-18.44847000000		
Army	28.82638931270	-16.52639000000	Clinic	
Chalala	28.30027961730	-16.84167000000	Council Clinic	
Charara	28.96360969540	-16.55167000000	Farm Clinic	
Gatse Gatse	28.86027908330	-16.78361000000	Gvt Clinic	
Kanyati	28.99527931210	-16.91528000000	Rural Health Centre	
Kariba	28.79166984560	-16.52028000000	District Hospital	
Mahombekombe	28.75806045530	-16.52611000000	Council Clinic	
Mola	28.29861068730	-16.92611000000	Rural Health Centre	
Msampakaruma	28.76778030400	-17.15861000000	Council Clinic	
Negande	28.24110984800	-17.19278000000	Gvt Clinic	
Nyamhunga	28.84832954410	-16.51806000000	Council Clinic	
Siakobvu	28.36417007450	-17.13111000000	Rural Hospital	
Kasvisva	28.50133000000	-17.22925000000	Rural Health Centre	
Mayovhe	28.18771000000	-17.02508000000	Rural Health Centre(construction)	
Cambridge	29.12249946590	-19.10328000000	Clinic	
Dendera	29.10292053220	-18.70764000000	Rural Hospital	
Don Juan	29.50744056700	-18.60700000000	Clinic	
Donsa	28.90630912780	-18.76897000000	Clinic	
Gomola	29.45247077940	-18.76839000000	Clinic	
Jackson	29.25005912780	-19.10408000000	Clinic	
Kwekwe	29.82374954220	-18.93572000000	District Hospital	
Malisa Josefa	29.12324905400	-19.00353000000	Clinic	
Zhombe	29.38493919370	-18.70336000000	Mission clinic	
Majorca	29.60128021240	-18.77267000000	Clinic	
Mazebe	29.00630950930	-18.93542000000	Rural Health Centre	
Medical Centre	29.78668975830	-19.04047000000	Clinic	
Melisa Zhombe	30.24221992490	-18.72167000000	Clinic	
Mpinda	29.25160980220	-19.15281000000	Clinic	
Msilahove	29.15613937380	-19.17339000000	Rural Hospital	
Munyati	29.78697013850	-18.67142000000	Clinic	
Ntabeni	29.33472061160	-18.80214000000	Clinic	
Nyoni	29.33756065370	-18.96747000000	Rural Health Centre	
Rio Tinto	29.43556022640	-18.46828000000	Mine Clinic	
Samambwa	29.45247077940	-18.33406000000	Clinic	
Sebakwe	30.12256050110	-18.98881000000	Clinic	
Senkwasi	29.43572044370	-18.58403000000	Clinic	
Sherwood	29.80621910100	-18.82453000000	Clinic	
Sidakeni	29.46838951110	-18.43989000000	Clinic	
Silobela	29.30458068850	-19.00511000000	District Hospital	
Simana	29.11927986150	-18.92169000000	Clinic	
Torwood	29.73644065860	-19.02261000000	Hospital	
Redcliff	29.78238000000	-19.02260000000	Clinic	
Rutendo	29.77346000000	-19.00840000000	Clinic	
Zisco Works	29.75035000000	-19.01429000000	Clinic	
Lancashire	29.82332000000	-18.91481000000	Clinic	
Zim Wire and Rope	29.82460000000	-18.91316000000	Clinic	
Aldavis	29.81286000000	-18.93640000000	Clinic	
Amaveni	29.78466000000	-18.92453000000	clinic	
Sable	29.79890000000	-18.80090000000	Clinic	
Exchange	29.07592000000	-18.84766000000	Clinic	
Mbizo 1	29.83498000000	-18.90588000000	Clinic	
Dandanda	27.86916923520	-18.44889000000	Clinic	
Dongamuzi	27.44719000000	-18.40378000000	Clinic	
Gomoza	28.22360992430	-18.84139000000	Rural Health Centre	
Jotsholo	27.55833053590	-18.73056000000	Clinic	
Kanyandavu	27.97777938840	-18.30444000000	Clinic	
Lupaka	27.90361022950	-18.78333000000	Clinic	
Lupane	27.77194023130	-18.93528000000	Rural Health Centre	
Mdlankunzi	27.75193977360	-18.49389000000	Clinic	
St. Lukes	27.96861076350	-19.10972000000	Mission Hospital	
St. Pauls	28.11388969420	-19.02028000000	Mission Hospital	
Lupane Prov. Hospital	27.77305000000	-18.93080000000	Provincial Hospital	
Fatima	27.41400000000	-18.74072000000	Clinic	
Alaska	30.06749916080	-17.37389000000	Clinic	
Chikonohono	30.19444084170	-17.39000000000	Clinic	
Chinhoyi P.H	30.20889091490	-17.36222000000	Provincial Hospital	
Doma	30.24221992490	-16.75889000000	Clinic	
Godzi	29.52222061160	-17.61778000000	Clinic	
Hombwe	29.77916908260	-17.69417000000	Clinic	
Kamonde	29.35861015320	-17.47306000000	Clinic	
Kenzamba	29.60499954220	-17.47306000000	Clinic	
Kosana	30.21389007570	-16.66722000000	Clinic	
Zumbara	29.88138961790	-17.67361000000	Clinic	
Matorangera	30.11194038390	-17.56833000000	Clinic	
Mhangura	30.16444015500	-16.89194000000	Private Hospital	
Muitubu	30.05722045900	-16.92889000000	Clinic	
Mukohwe	29.81082916260	-17.81028000000	Clinic	
Murereka	30.02639007570	-17.27556000000	Clinic	
Obva	29.50638961790	-17.53444000000	Clinic	
Ruweni	29.65638923650	-17.68833000000	Under Construction	
St. Rupets	29.69277954100	-17.76917000000	Mission Hospital	
Umboe	30.18333053590	-17.04750000000	Clinic	
Green Valley	30.15505000000	-16.68228000000	Clinic	
Nyagombe	30.25752000000	-17.13926000000	Clinic	
River Ranch	29.99041000000	-16.99737000000	Clinic	
Chinhoyi University Clinic	30.20806000000	-17.34913000000	University clinic	
PSI	30.20319000000	-17.36414000000	Clinic Private Clinic	
Chinhoyi Prison Clinic	30.19744000000	-17.36109000000	Clinic	
Chinhoyi Health Center	30.19376000000	-17.36000000000	Clinic Private Clinic	
Chinhoyi ZRP Camp Clinic	30.17167000000	-17.35684000000	Clinic	
Premier Medical Centre	30.19105000000	-17.36026000000	Clinic	
Chitambo	30.19099000000	-17.36027000000	Clinic	
Anorldine	32.20314025880	-18.23539000000	Clinic	
Bamba	32.30622100830	-18.20478000000	Rural Health Centre	
Bingaguru	32.38893890380	-18.22244000000	Clinic	
Chiduku	31.93474960330	-18.82058000000	Clinic	
Chikobvore	32.15671920780	-18.90203000000	Rural Health Centre	
Chikore	32.50703048710	-17.72186000000	Clinic	
Chinhenga	32.50246810910	-18.03619000000	Rural Health Centre	
Chinyadza	32.02244186400	-18.67194000000	Clinic	
Chinyudze	32.20046997070	-18.18653000000	Rural Health Centre	
Chiome	32.28916931150	-18.14361000000	Clinic	
Dowa	31.80269050600	-18.52369000000	Clinic	
Dumbamwe	32.38531112670	-18.42167000000	Clinic	
Era Mine	32.27172088620	-18.23656000000	Mine Clinic	
Gowakowa	32.33406066890	-18.08644000000	Rural Health Centre	
Headlands	32.03989028930	-18.28597000000	Clinic	
Inyati	32.25489044190	-18.22197000000	Clinic	
Katsenga	32.00347137450	-18.72456000000	Rural Health Centre	
Makoni	32.38877868650	-18.61997000000	Rural Hospital	
Maparura	32.40510940550	-18.00294000000	Rural Health Centre	
Weya	32.15196990970	-18.04158000000	Rural Hospital	
Zambara	31.96780967710	-18.24033000000	Clinic	
Masvosva	31.85693931580	-18.70275000000	Rural Health Centre	
Matotwe	32.36692047120	-18.52292000000	Clinic	
Matsika	31.95266914370	-18.70075000000	Clinic	
Maurice Nyagumbo	32.33710861210	-18.67436000000	Clinic	
Mavhudzi	32.15613937380	-18.74053000000	Clinic	
Mayo1	32.27336120610	-17.87047000000	Rural Health Centre	
Mayo2	32.35171890260	-17.78494000000	Rural Health Centre	
Mubvurungwa	31.93436050420	-18.53472000000	Clinic	
Mukamba	32.00271987920	-18.86703000000	Clinic	
Mukuwapasi	32.21847152710	-18.50592000000	Clinic	
Nedevedzo	31.87491989140	-18.55028000000	Rural Hospital	
Nyahowe	32.40303039550	-17.93886000000	Rural Health Centre	
Nyahukwe	32.32231140140	-18.46983000000	Rural Health Centre	
Nyamidzi	32.08721923830	-18.93989000000	Clinic	
Nyamukamani	32.17203140260	-18.09111000000	Rural Health Centre	
Nyazura	32.17139053340	-18.72089000000	Clinic	
Nyazura	32.22460937500	-18.75678000000	Mission Clinic	
Ringanayi	32.43861007690	-18.55803000000	Clinic	
Rukweza	32.08377838130	-18.80450000000	Clinic	
Rusape	32.13636016850	-18.53892000000	District Hospital	
St Micheals	32.45042037960	-17.90319000000	Mission Hospital	
St Theresa	31.91918945310	-18.58714000000	Mission Hospital	
Tandi	32.02088928220	-18.56839000000	Clinic	
Tariro	32.08393859860	-18.73558000000	Clinic	
Tsanzaguru	32.10678100590	-18.61947000000	Clinic	
Vengere	32.11877822880	-18.55675000000	Clinic	
Gorubi Springs	32.23431000000	-18.67112000000	Rural Health Centre	
Mavhudzi	32.14423000000	-18.72616000000	Clinic	
Nyamusosa	32.26243000000	-18.00061000000	Clinic	
St. Annes	28.33200000000	-21.16960000000	Mission Hospital	
Plumtree ZPS	27.81030000000	-20.49160000000	Prison Clinic	
Bazha	28.33506011960	-20.60611000000	Clinic	
Beula	28.40613937380	-21.48506000000	Rural Health Centre	
Gulati	28.59021949770	-20.45719000000	Rural Health Centre	
Homestead	28.55385971070	-21.25589000000	Rural Health Centre	
Kezi	28.45803070070	-20.91947000000	Rural Hospital	
Maphisa	28.47435951230	-21.07378000000	District Hospital	
Matobo	28.72024917600	-20.46828000000	Mission Clinic	
Matobo Rural	28.48785972600	-20.41767000000	Rural Hospital	
Mbembeswana	28.25313949580	-21.03622000000	Rural Health Centre	
Minda Sec	28.45796966550	-21.06789000000	Clinic	
Natisa	28.50527954100	-20.69019000000	Rural Health Centre	
Sankonjana	28.70027923580	-21.40547000000	Rural Health Centre	
St. Joseph's	28.27392005920	-21.25297000000	Rural Hospital	
Tshelanyemba	28.48802948000	-21.35383000000	Mission Hospital	
Border Church	31.34056091310	-18.23686000000	Rural Health Centre	
Borrandile	31.54143905640	-18.18464000000	Private Hospital	
Chimbwanda	31.15019035340	-18.40128000000	Rural Health Centre	
Chiota	31.24049949650	-18.32094000000	Rural Hospital	
Chiparawe	31.63982963560	-18.00653000000	Clinic	
Dimbiti	31.78936004640	-18.38519000000	Rural Health Centre	
Dombotombo	31.56706047060	-18.18722000000	Clinic	
Grasslands	31.50502967830	-18.18478000000	Clinic	
Igava	31.62410926820	-18.46728000000	Clinic	
Marondera (PH)	31.53450012210	-18.20553000000	Provincial Hospital	
Wenimbe	31.79039001460	-18.23633000000	Rural Health Centre	
Masikana	31.68660926820	-18.35392000000	Clinic	
Mudzimuirema	31.09005928040	-18.28439000000	Rural Health Centre	
Nyameni	31.54143905640	-18.20611000000	Clinic	
Dombotombo	31.56606000000	-18.17918000000	Clinic	
Lustliegh	31.38554000000	-18.43300000000	Clinic	
Nyembanzvere	31.13047000000	-18.21594000000	Clinic	
Prison	31.43256000000	-18.18013000000	Clinic	
ZRP	31.55904000000	-18.18789000000	Clinic	
Kushinga Phikelela	31.66990000000	-18.15440000000	Clinic	
Marondera 	31.59070000000	-18.15660000000	Rural Clinic	
Rakodzi 	31.60620000000	-18.18250000000	Clinic	
Ridigita 	31.51330000000	-18.37240000000	Poly Clinic	
Waddilove 	31.38570000000	-18.25670000000	Clinic	
Alvod	30.77088928220	-19.83389000000	Clinic	
Bere	30.47186088560	-20.03367000000	Clinic	
Bondolfi	30.75056076050	-20.28386000000	Rural Hospital	
Charumbira	30.85638999940	-20.29011000000	Clinic	
Chatikobo	31.15414047240	-20.43461000000	Clinic	
Gokomere	30.77453041080	-19.95453000000	Clinic	
Gundura	30.52416992190	-19.87314000000	Clinic	
Gurajena	30.90313911440	-19.77056000000	Hospital	
Guwa	31.05475044250	-20.62497000000	Clinic	
Lennox	30.50621986390	-20.07467000000	Clinic	
Mapanzure	30.87352943420	-20.40011000000	Clinic	
Zano	31.12188911440	-20.20250000000	Clinic	
Zimuto	30.85433006290	-20.06789000000	Clinic	
Zimuto	30.85519027710	-19.95311000000	Mission Hospital	
Zimuto	30.86891937260	-19.85644000000	Clinic	
Masvingo	30.83913993840	-20.07272000000	General Hospital	
Mogenester	30.93507957460	-20.32372000000	Mission Hospital	
Mucheke	30.81936073300	-20.08344000000	Clinic	
Mukosi	30.88978004460	-20.53867000000	Clinic	
Murinye	31.05377960210	-20.37325000000	Clinic	
Mushandike	30.71863937380	-20.20614000000	Clinic	
Musvovi	31.07022094730	-20.70494000000	Clinic	
Nemwanwa	30.92044067380	-20.27436000000	Clinic	
Nyajena	31.16732978820	-20.60147000000	Rural Hospital	
Nyikavanhu	31.22067070010	-20.85339000000	Rural Health Centre	
Renco	31.17053031920	-20.63819000000	Mine Clinic	
Rujeko	30.83746910100	-20.08433000000	Clinic	
Rukovo	31.06792068480	-20.26822000000	Clinic	
Runyararo	30.82336044310	-20.10292000000	Clinic	
Shonganiso	31.08547019960	-20.43675000000	Clinic	
Shumba	30.96919059750	-20.42275000000	Clinic	
Summerton	30.70318984990	-19.97103000000	Clinic	
Gaths Mine	30.51238000000	-20.02360000000	Hospital	
ZRP Masvingo	30.84577000000	-20.65350000000	Clinic	
Rujeko	30.83774000000	-20.08430000000	Clinic	
Runyararo	30.80991000000	-20.09720000000	Clinic	
Mucheke	30.81981000000	-20.08317000000	Poly Clinic	
Stanmore RHC	31.00902000000	-20.04842000000	Rural Health Centre	
Masvingo Teachers College	30.86269000000	-20.10285000000	Clinic	
Masvingo Poly Technic	30.83191000000	-20.08477000000	Clinic	
Ngomahuru	30.72394000000	-20.43699000000	Rural Health Centre	
ZNA Batallion	30.85123000000	-20.04052000000	Clinic	
Sigangatsha	28.35322000000	-21.39627000000	Clinic(Not Open)	
Fumugwe	28.25848000000	-20.67242000000	(New Site)	
Hlekweni	28.49899000000	-20.25333000000	Clinic	
Ekukanyeni	28.67786000000	-20.40312000000	Clinic	
Cyrene 	28.41490000000	-20.33110000000	Mission Clinic	
Masiye Camp	28.62910000000	-20.59000000000	clinic	
Bare	31.12623023990	-16.87747000000	Clinic	
Belgone Clinic	30.87218093870	-17.52498000000	Clinic	
Chinehasha	31.19017982480	-16.92892000000	Clinic	
Christon Bank	31.00937080380	-17.60950000000	Clinic	
Concession Hosp.	30.94342994690	-17.38715000000	District Hospital	
Dambo	31.08111953740	-17.19515000000	Clinic	
Henderson Research	30.97216987610	-17.59243000000	Clinic	
Holmeden	30.69062995910	-17.29543000000	Clinic	
Howard	30.99430084230	-17.56592000000	Mission Hospital	
Iron Duke	31.06539916990	-17.44133000000	Clinic	
Jingamvura	31.20145034790	-16.83293000000	Clinic	
Makope	31.06069946290	-17.02938000000	Clinic	
Mazowe Citrus Hosp.	31.00945091250	-17.45395000000	Rural Hospital	
Mazowe Mine	30.92460060120	-17.47368000000	Clinic	
Mazowe Sec.	30.93087005620	-17.61567000000	Clinic	
Mukodzongi	31.16431999210	-16.98600000000	Clinic	
N.E.M.Centre	31.00281906130	-17.36957000000	Clinic	
Nyakudya	31.13680076600	-17.02013000000	Clinic	
Nzvimbo	31.05260086060	-17.08070000000	Clinic	
Rosa	31.04725074770	-17.13400000000	Rural Hospital	
Shutu	31.13912963870	-17.07427000000	Clinic	
Stories Mine	30.96113014220	-17.51272000000	Clinic	
Tsungubvi	31.05647087100	-17.36563000000	Clinic	
Danbury	30.92369000000	-17.64257000000	Clinic	
Vonabor	31.12155000000	-17.37307000000	Clinic	
Davaar	31.13387000000	-17.27463000000	Clinic	
Shopo	31.19999000000	-17.02617000000	Clinic	
Ardura	31.00105000000	-17.30145000000	Rural Health Centre	
Cranham	30.82729000000	-17.39259000000	Clinic	
Donje	30.95695000000	-16.94920000000	Clinic	
Mvurwi Farm Health Scheme	30.85431000000	-17.02942000000	Farm Health Clinic	
Mvurwi	30.85500000000	-17.03112000000	Hospital	
Forrester	30.95460000000	-17.04880000000	Clinic	
Mazoe 	30.92380000000	-17.60310000000	Clinic	
Montgomery 	30.78300000000	-17.24700000000	Clinic	
Bonda	30.40714073180	-20.87094000000	Mission Hospital	
Chabwira	30.23944091800	-20.67058000000	Clinic	
Chedembeko	29.90756034850	-20.73936000000	Clinic	
Chiedza	29.68721961980	-20.91722000000	Clinic	
Chingezi	29.78660964970	-20.72236000000	Clinic	
C-Mine	29.86871910100	-20.48608000000	Private Clinic	
Gwarava	30.06847000120	-20.95372000000	Rural Health Centre	
Imbahuru	30.10207939150	-20.86708000000	Clinic	
Ingezi	30.38619041440	-20.58697000000	Clinic	
Jeka	29.93413925170	-20.85536000000	Rural Hospital	
Kotokwe	29.58897018430	-20.98397000000	Clinic	
Makuwerere	30.23636054990	-20.98544000000	Clinic	
Masase	29.66699981690	-20.98667000000	Mission Hospital	
Vurasha	30.38402938840	-20.93614000000	Rural Health Centre	
Wanezi	29.73971939090	-20.56978000000	Clinic	
Mataga	30.19042015080	-20.84119000000	Rural Health Centre	
Matedzi	30.28738975520	-20.80739000000	Clinic	
Mavorovondo	29.81808090210	-20.92150000000	Rural Health Centre	
Mazivofa	30.10186004640	-20.75736000000	Clinic	
Mberengwa	29.91980934140	-20.48881000000	District Hospital	
Mnene	30.05381011960	-20.62342000000	Mission Hospital	
Mponjani	30.39047050480	-20.71839000000	Clinic	
Mposi	30.02206039430	-20.82161000000	Clinic	
Muketi	30.14031028750	-21.00736000000	Clinic	
Murongwe	30.25756073000	-20.60161000000	Rural Health Centre	
Musume	30.23905944820	-20.92289000000	Mission Hospital	
Mwenezi	29.70450019840	-20.77317000000	Rural Health Centre	
Negobe	30.35491943360	-20.68572000000	Clinic	
Ngungumbane	30.42119026180	-20.78594000000	Clinic	
Sandawana	29.93564033510	-20.92094000000	Clinic	
Svita	30.13594055180	-20.58678000000	Clinic	
Buchwa	30.38104000000	-20.60770000000	Clinic	
Chirunya	30.61864000000	-16.34884000000	Rural Health Centre	
Nyambudzi	30.59150000000	-16.08729000000	Rural Health Centre	
Mutasa	31.61568000000	-16.42880000000	Rural Health Centre	
Bandimba	31.85968000000	-16.36914000000	Rural Health Centre	
ZRP	31.57672000000	-16.77998000000	Clinic Private Clinic	
Bveke	31.78725051880	-16.56939000000	New Not Open	
Chawanda	31.67015075680	-16.61703000000	Clinic	
Dotito	31.59021949770	-16.56878000000	Clinic	
Kaitano	31.55252075200	-16.31861000000	Clinic	
Kamutsenzere	31.78561019900	-16.38361000000	Clinic	
Karanda	31.83955001830	-16.65555000000	Mission Hospital	
Mt Darwin	31.58872032170	-16.77578000000	District Hospital	
Mukumbura	31.65189933780	-16.20028000000	Clinic	
Mutungagore	31.52272033690	-16.60139000000	Clinic	
Nembire	31.50015068050	-16.58956000000	Clinic	
Nyamahobobo	31.88368988040	-16.70283000000	Clinic	
Pachanza	31.77136039730	-16.56711000000	Clinic	
Pfunyanguwo	31.90032958980	-16.57581000000	Clinic	
Tsakare	31.55611038210	-16.82555000000	Clinic	
Chiburi 	31.33900000000	-16.70340000000	 ZPS 	
Matope 	31.66590000000	-16.75970000000	Clinic	
Mt Darwin	31.57610000000	-16.77990000000	Clinic	
Mutasa 	31.61570000000	-16.42870000000	Clinic	
Chikwizo	32.78955841060	-17.20656000000	Clinic	
Chimukoko	32.50730896000	-16.96742000000	Rural Health Centre	
Chingamuka	32.55430984500	-16.86803000000	Rural Health Centre	
Chisvo	32.35824966430	-16.95819000000	Clinic	
Chiunye	32.28713989260	-17.00475000000	Rural Health Centre	
Dendera	32.72074890140	-16.95756000000	Clinic	
Gozi	32.86700057980	-17.18619000000	Rural Health Centre	
Kapotesa	32.75218963620	-17.01956000000	Rural Health Centre	
Kondo	32.65636062620	-16.90114000000	Rural Health Centre	
Kotwa	32.67282867430	-17.00811000000	Clinic	
Kotwa	32.66936111450	-16.98928000000	District Hospital	
Makaha	32.62403106690	-17.28722000000	Rural Health Centre	
Masarakufa	32.57027816770	-17.03969000000	Rural Health Centre	
Masenda	32.25447082520	-17.10814000000	Rural Health Centre	
Nyahuku	32.88816833500	-16.81739000000	Clinic	
Nyamanyora	32.50497055050	-16.87269000000	Rural Health Centre	
Nyamapanda	32.86571884160	-16.96828000000	Clinic	
Nyamatawa	32.65531158450	-17.20389000000	Clinic	
Nyamukoho	32.31850051880	-17.07097000000	Clinic	
Shinga	32.43949890140	-17.00806000000	Clinic	
St. Pius	32.80596923830	-16.75703000000	Rural Health Centre	
Suswe	32.40539169310	-17.17456000000	Rural Health Centre	
Kotwa 	32.67290000000	-16.99170000000	Clinic	
Mudzi Camp	32.44980000000	-17.11490000000	Clinic	
Chitate	31.88652992250	-17.67478000000	Rural Health Centre	
Chitowa	31.86819076540	-17.52417000000	Clinic	
Dandara	31.68605995180	-17.50764000000	Clinic	
Jekwa	32.08956146240	-17.75797000000	Rural Health Centre	
Kadzere	31.73699951170	-17.78822000000	Clinic	
Macheke	31.85560989380	-18.15306000000	Clinic	
Madamombe	31.65402984620	-17.47419000000	Rural Health Centre	
Waterloo	31.93400001530	-17.88836000000	Clinic	
Munamba	31.59078025820	-17.89122000000	Rural Health Centre	
Murewa	31.78763961790	-17.65783000000	District Hospital	
Nhowe	31.93446922300	-17.87206000000	Clinic	
Nhowe	31.94075012210	-17.85256000000	Mission Hospital	
Nyamutumbu	31.61743927000	-17.62108000000	Clinic	
Shambamuto	31.63931083680	-17.87231000000	Clinic	
St Pauls Musami	31.58585929870	-17.75058000000	Mission Hospital	
Wuyuwuyu	31.97012000000	-17.67149000000	Clinic	
Welcome Home Liden	31.80101000000	-18.10296000000	Clinic	
Craiglea	31.82746000000	-17.96305000000	Clinic	
Nehoreka	31.58967000000	-17.76112000000	Private Clinic	
S T Parirenyatwa	31.73656000000	-17.48069000000	Rural Health Centre	
Ngwerume	31.69831000000	-17.58456000000	Clinic	
Chizanga	31.69828000000	-17.88353000000	Clinic	
Prison	31.78770000000	-17.65589000000	Clinic	
Goso	31.78155000000	-17.55378000000	Clinic	
Chitowa 1	31.86610000000	-17.52340000000	RHC	
Chitowa 2	31.91160000000	-17.59880000000	Clinic	
Dombwe 	31.97160000000	-17.76980000000	RHC	
Kadenge 	31.77970000000	-17.88380000000	RHC	
Kambarami 	31.73260000000	-17.62680000000	Clinic	
Matututu 	31.73660000000	-17.48070000000	RHC	
Muchinjike 	31.73460000000	-17.54020000000	RHC	
Murehwa	31.78900000000	-17.65460000000	Clinic	
Murewa 	31.78010000000	-17.64150000000	Poly Clinic	
Virginia Clinic	32.09070000000	-17.85530000000	Clinic	
Murewa OPD	31.77900000000	-17.65810000000	Clinic	
Bakorenhema	32.35144042970	-19.30542000000	Gvt Clinic	
Berzerly Bridge	32.48928070070	-19.25094000000	clinic	
Burma Valley	32.80686187740	-19.20719000000	clinic	
Bvumba	32.81993865970	-19.05786000000	Private Clinic	
Bwizi	32.43558120730	-19.35569000000	clinic	
Chiadzwa	32.33739089970	-19.61906000000	Rural Health Centre	
Chikanga	32.64107894900	-18.96889000000	Clinic	
Chikwariro	32.30678176880	-19.33714000000	Mission Hospital	
Chipendeke	32.70405960080	-19.32369000000	Rural Health Centre	
Chipfatsura	32.28535842900	-19.17347000000	Clinic	
Chishingwi	32.40555953980	-19.60300000000	Clinic	
Chitaka	32.48403167720	-19.12181000000	clinic	
Chitakatira	32.68661117550	-19.13406000000	Gvt Clinic	
Chitora	32.62313842770	-19.34144000000	Under Construction	
Chiwere	32.25064086910	-19.03914000000	Rural Health Centre	
City Clinic	32.67074966430	-18.98767000000	Clinic	
Dangamvura	32.60010910030	-19.00678000000	Clinic	
Dora	32.52222061160	-19.07036000000	clinic	
Fernvalley	32.65113830570	-19.03792000000	Clinic	
Florida	32.65243911740	-18.97078000000	Clinic	
Gutaurare	32.61811065670	-19.37139000000	Rural Health Centre	
Gwindingwi	32.17253112790	-19.25650000000	Rural Health Centre	
Mambwere	32.63513946530	-19.28447000000	clinic	
Marange	32.27425003050	-19.25336000000	Rural Hospital	
Masasi	32.42430877690	-19.43903000000	clinic	
Zimunya	32.62342071530	-19.10036000000	clinic	
Zumbare	32.15258026120	-19.22053000000	clinic	
Mavhiza	32.23868942260	-19.50536000000	Clinic	
Mt Zuma	32.13581085210	-19.10497000000	Rural Health Centre	
Mukwada	32.35535812380	-19.52181000000	clinic	
Muromo	32.55638885500	-19.38897000000	Rural Health Centre	
Mushunje	32.44081115720	-19.16811000000	Clinic	
Mutare	32.67047119140	-18.96972000000	Provincial Hospital	
Nyagundi	32.36872100830	-19.11756000000	Rural Health Centre	
Nyamazura	32.41685867310	-18.88764000000	Rural Health Centre	
Nzvenga	32.37125015260	-19.35089000000	clinic	
Odzi	32.38896942140	-18.96922000000	Rural Hosp.	
Rowa	32.62435913090	-19.16856000000	clinic	
Sakubva	32.65156173710	-18.98944000000	District Hospital	
St Andrews	32.34072113040	-19.42161000000	Mission Hospital	
Zvipiripiri	32.19102859500	-19.33794000000	Clinic	
Prison Farm	32.57973000000	-18.96491000000	Clinic	
Sakubva Health Centre	32.64739000000	-18.99012000000	Hospital	
St Joseph's	32.62497000000	-18.99814000000	T.B Hospital	
Quaggas Hoek	32.63930000000	-19.00022000000	Clinic	
St Welburgh	32.71035000000	-19.11650000000	Mission Clinic	
Chitora	32.62321000000	-19.32544000000	Clinic	
Matanda	32.40403000000	-19.24827000000	Rural Health Centre	
ARDA Odzi	32.36755000000	-18.97483000000	Clinic	
Vumba	32.81328000000	-19.04207000000	Clinic	
Florida	32.65243911740	-18.97078000000	Clinic	
Lee Kul	32.28185000000	-18.87699000000	Clinic	
Arbourfoyle	32.96710968020	-18.30217000000	Private Clinic	
Bonda	32.60338974000	-18.45428000000	Mission Hospital	
Chavhanga	33.00321960450	-18.23625000000	Rural Health Centre	
Chisuko	33.00214004520	-18.38981000000	Council Clinic	
Chitombo	32.78974914550	-18.55269000000	Council Clinic	
Drenane	32.70674896240	-18.76931000000	Private-Border Timbers	
Eastern	32.96813964840	-18.34042000000	Private-Tanganda	
Eastern Highlands1	32.91735839840	-18.35033000000	Private-Tanganda	
Eastern Highlands5	32.95180892940	-18.35414000000	Private-Tanganda	
Fitc	32.62335968020	-18.93539000000	Private-Forestry	
Gatsi	32.81785964970	-18.52333000000	Mission Clinic	
Guta	32.65293884280	-18.74136000000	Council Clinic	
Haparare	32.47261047360	-18.60322000000	Council Clinic	
Hauna	32.85197067260	-18.49153000000	District Hospital	
Hauna	32.85083007810	-18.50200000000	Clinic	
Honde	32.76974868770	-18.60322000000	Mission Hospital	
Jombe	32.70233154300	-18.63772000000	Gvt Clinic	
Katiyo	33.03453063960	-18.37128000000	Private-Tanganda	
Mapara	32.65219116210	-18.78369000000	Gvt Clinic	
Zindi	32.93635940550	-18.38922000000	Clinic	
Zongoro	32.58777999880	-18.78931000000	Council Clinic	
Moyoweshumba	32.67235946660	-18.67472000000	Council Clinic	
Mt Jenya	32.50263977050	-18.75283000000	Council Clinic	
Mundeya	32.98957824710	-18.42250000000	Clinic	
Mupotedzi	32.80147171020	-18.57139000000	Gvt Clinic	
Mutasa	32.65393829350	-18.55447000000	Council Clinic	
Ngarura	32.87152862550	-18.58803000000	Council clinic	
Old Mutare	32.58803176880	-18.90747000000	Mission Hospital	
Red Wing	32.67213821410	-18.87100000000	Private-Mine	
Ruda	32.87477874760	-18.48797000000	Clinic	
Rupinda	32.85655975340	-18.63775000000	Rural Health Centre	
Sadziwa	32.55828094480	-18.50056000000	Council Clinic	
Sagambe	33.00286102290	-18.32481000000	Council Clinic	
Sahumani	32.82027816770	-18.55569000000	Council Clinic	
Sakupwanya	32.65560913090	-18.60747000000	Council Clinic	
Samanga	32.75527954100	-18.53369000000	Council clinic	
Samaringa	32.78430938720	-18.62308000000	Council clinic	
Selbourne	32.65763854980	-18.53556000000	Private-Waltle Company	
Sheba	32.80480957030	-18.77103000000	Private-Border Timbers	
Sherukuru	32.53636169430	-18.64078000000	Rural Health Centre	
St Augustines	32.65549850460	-18.87431000000	Mission Clinic	
St Barbaras	32.47352981570	-18.50311000000	Mission Hospitals	
St Peter's Mandeya	32.93996810910	-18.45806000000	Mission Hospital	
Stapleford	32.82181167600	-18.74047000000	Private-Forestry	
Triashill	32.47303009030	-18.43531000000	Mission Hospitals	
Tsonzo	32.60324859620	-18.68836000000	Rural Hospital	
Chinamasa	32.57098000000	-18.57828000000	Rural Health Centre	
Premier	32.54691000000	-18.90384000000	Clinic	
Drennan	32.70662000000	-18.76903000000	Clinic	
Dunsinane	32.75301000000	-18.74492000000	Clinic	
Imbeza	32.72091000000	-18.91068000000	Clinic	
EHPL 1	32.91599000000	-18.34948000000	Clinic	
EHPL 6	32.96527000000	-18.32585000000	Clinic	
EHPL 5	32.95193000000	-18.34585000000	Clinic	
Nyanga Pines	32.65771000000	-18.53106000000	Clinic	
Charewa	32.15361022950	-17.17356000000	Rural Health Centre	
Chindenga	32.10519027710	-17.23619000000	Rural Health Centre	
Hoyuyu 1	32.15555953980	-17.56853000000	Rural Health Centre	
Hoyuyu 2	32.25149917600	-17.76861000000	Rural Health Centre	
Katsukunya	32.15468978880	-17.40781000000	Rural Health Centre	
Kawewe	32.35289001460	-17.21972000000	Rural Health Centre	
Kushinga	32.02027893070	-17.62114000000	Rural Health Centre	
Louisa Guidotte	32.38985824580	-17.35572000000	Mission Hospital	
Makosa	32.47161102290	-17.26753000000	Rural Hospital	
Matedza	32.43708038330	-17.55014000000	Rural Health Centre	
Mutemwa Lep.	32.25355911250	-17.41978000000	Clinic	
Mutoko	32.23860931400	-17.42342000000	District Hospital	
Nyamuzizi	32.35602951050	-17.63819000000	Rural Health Centre	
Nyamuzuwe	32.25418853760	-17.25403000000	Rural Hospital	
Nzira	32.13711166380	-17.66817000000	Rural Health Centre	
Chidye	32.62211000000	-17.45294000000	Rural Health Centre	
Madimutsa	32.31187000000	-17.14878000000	Rural Health Centre	
Chikondoma	32.25070000000	-17.39984000000	Clinic	
Kawazva	32.26708000000	-17.17914000000	Clinic	
Tony Yeatman	32.27008000000	-17.41193000000	Clinic	
Nyadire Resettlement	31.96282000000	-17.49227000000	Rural Health Centre	
Kapondoro	32.48000000000	-17.37350000000	 RHC	
Kowo 	32.30950000000	-17.25460000000	Clinic	
Mother of Peace	32.27000000000	-17.41190000000	Clinic	
Mushimbo	32.39470000000	-17.42820000000	 RHC	
Mutoko 	32.21920000000	-17.40880000000	Clinic	
Nyadire 	32.02500000000	-17.42200000000	 Hosp	
Nyadiri	31.96270000000	-17.49230000000	 RHC	
Chimbudzi	30.50610923770	-20.94306000000	Clinic	
Chirindi	30.18000030520	-21.11611000000	Clinic	
Chizumba	30.57250022890	-21.13972000000	Clinic	
Dine	30.53861045840	-21.19056000000	Clinic	
Lundi	30.78166961670	-20.89750000000	Clinic	
Maranda	30.31583023070	-21.14583000000	Clinic	
Matibi	30.48611068730	-20.75028000000	Mission Hospital	
Mazetese	30.30528068540	-21.04639000000	Clinic	
MDC	30.62611007690	-21.36028000000	Clinic	
Mulelesi	30.05916976930	-21.21417000000	Clinic	
Munyanyi	30.52471923830	-21.30167000000	Clinic	
Murove	30.42444038390	-21.05917000000	Clinic	
Mushava	30.58389091490	-21.07639000000	Clinic	
Mwenezi	30.70000076290	-21.41417000000	Clinic	
Nehanda	30.60277938840	-20.82833000000	Clinic	
Neshuro	30.64666938780	-20.94083000000	District Hospital	
Rutenga	30.72944068910	-21.23778000000	Clinic	
Rutenga RWS	30.74333000180	-21.25361000000	Railways-clinic	
Boterere	30.26423000000	-21.23095000000	Rural Health Centre	
Marinda	30.39756000000	-21.20691000000	Rural Health Centre	
Petronella	30.89483000000	-20.96429000000	Rural Health Centre(not operational)	
Maryvale	30.81042000000	-21.08266000000	Rural Health Centre(not operating)	
Dakamela	28.66666984560	-18.79722000000	Rural Hospital	
Fanison	28.88582992550	-18.91583000000	Rural Health Centre	
Guwe	28.96777915950	-19.21444000000	Rural Health Centre	
Gwelutshena	28.70889091490	-18.66306000000	Rural Health Centre	
Zenka	28.77305984500	-19.07000000000	Rural Health Centre	
Zinyangeni	28.98805999760	-19.07778000000	Rural Health Centre	
Mateme	28.95722007750	-18.66917000000	Rural Health Centre	
Mbuma	28.44166946410	-18.94889000000	Mission Hospital	
Nesigwe	28.81167030330	-18.72778000000	Rural Health Centre	
Ngwaladi	28.37972068790	-18.57667000000	Rural Hospital	
Nkayi	28.89138984680	-19.00056000000	District Hospital	
Sebumane	28.46138954160	-18.67028000000	Clinic	
Sesame	28.71249961850	-18.95500000000	Clinic	
Sikobokobo	28.48749923710	-18.78250000000	Clinic	
Sivalo	28.35139083860	-18.74306000000	Rural Health Centre	
Avilla	32.78696823120	-17.46947000000	Mission Hospital	
Chitindo	32.98421859740	-17.79064000000	Council Clinic	
Chiwarira	31.57185935970	-17.15781000000	Council Clinic	
Dombo	32.43803024290	-18.35139000000	Rural Health Centre	
Elim	32.78955841060	-17.60311000000	Mission Hospital	
Erin	32.70222091670	-18.38350000000	Forestry-Private	
Fombe	32.99074935910	-17.33472000000	Council Clinic	
Gairezi	32.95471954350	-18.10139000000	Council Clinic	
Gotekote	32.67319107060	-17.71917000000	Rural Health Centre	
Kambudzi	32.86796951290	-17.78936000000	Conucil Not Open	
Matize	32.92385864260	-17.57161000000	Rural Health Centre	
Mt Mellary	32.73577880860	-17.97469000000	Mission Hospital	
Nyadowa	32.92171859740	-17.75789000000	Council Clinic	
Nyafaru	32.93111038210	-18.18917000000	Council Clinic	
Nyamaropa	32.95360946660	-17.86250000000	Council Clinic	
Nyamombe	32.55833053590	-17.75681000000	Rural Health Centre	
Nyanga	32.75753021240	-18.22828000000	District Hospital	
Nyangui	32.78535842900	-18.02061000000	Forestry-Private	
Nyarumvurwe	32.65750122070	-18.22350000000	Rural Health Centre	
Nyatate	32.67203140260	-18.01797000000	Council clinic	
Nyautate	32.65502929690	-17.84089000000	Rural Health Centre	
Regina Coeli	32.88499832150	-17.86889000000	Mission Hospital	
Ruchera	32.55397033690	-18.11878000000	Rural Health Centre	
Samvure	32.97138977050	-17.71872000000	Council Clinic	
Tombo	32.88388824460	-18.01750000000	Council Clinic	
Mutarazi	32.75299000000	-18.45790000000	Clinic	
Claremont	32.70164000000	-18.32787000000	Clinic	
Spring Valley	32.54565000000	-18.37110000000	Clinic	
Aberfoyle	32.67350000000	-18.30215000000	Clinic	
Bungwe	32.06782150270	-16.56635000000	Clinic	
Chimandau	32.56536865230	-16.65597000000	Clinic	
Chimhanda	32.12905120850	-16.63128000000	Clinic	
Mary Mount	32.52962875370	-16.67677000000	Mission Hospital	
Mazowe	32.27703094480	-16.75513000000	Clinic	
Mukonde	32.29872894290	-16.61053000000	Clinic	
Mukosa	32.65610122680	-16.65855000000	Clinic	
Nhawa	32.16561889650	-16.57892000000	Clinic	
Nyamatikiti	32.10972976680	-16.73908000000	Clinic	
Rusambo	32.18284988400	-16.62985000000	Clinic	
Rushinga	32.02153015140	-16.63225000000	Clinic	
Chimnda	32.12820000000	-16.63830000000	Clinic	
Acton Ronolds	31.03853034970	-18.35294000000	Rural Health Centre	
Arbo Acres	30.94105911250	-17.94144000000	Clinic	
Beatrice	30.85577964780	-18.25661000000	Rural Hospital	
Charakupa	31.33643913270	-18.17086000000	Clinic	
Chitungwiza	31.07164001460	-18.01744000000	General Hospital	
Derbyshire	31.03632926940	-17.95647000000	Clinic	
Gilston	30.95022010800	-18.02458000000	Clinic	
Jonasi	31.13467025760	-18.05411000000	Clinic	
Kunaka	31.22196960450	-18.07236000000	Rural Hospital	
Lanark	30.90024948120	-18.06819000000	Clinic	
Makanyazingwa	31.40163993840	-18.20086000000	Clinic	
Masasa	31.10333061220	-18.41806000000	Rural Health Centre	
Muda	31.01985931400	-18.29000000000	Clinic	
Ringa	30.95043945310	-18.48839000000	Rural Health Centre	
Epworth  	31.12710000000	-17.87950000000	Poly Clinic	
Epworth 	31.13950000000	-17.89940000000	Mission Clinic	
Marirangwe 	30.80360000000	-18.07270000000	Clinic	
Zhakata 	31.20970000000	-18.14570000000	RHC	
Overspill	31.15650000000	-17.88480000000	Satellite Clinic	
Bromley	31.32120000000	-18.08010000000	Clinic	
Chakonda	31.60335922240	-17.02592000000	Clinic	
Chidembo	31.56686019900	-17.08352000000	Clinic	
Chihuri	31.55051994320	-16.87733000000	Clinic	
Chindunduma	31.52795028690	-16.97833000000	Clinic	
Chishapa	31.60021972660	-17.20986000000	Clinic	
Goora	31.51667022710	-16.91667000000	Clinic	
Madziva Mine	31.65596961980	-17.06192000000	Clinic	
Madziwa	31.53878021240	-16.92558000000	Clinic	
Madziwa	31.65827941890	-17.06986000000	Mine Clinic	
Wadzanai	31.57036018370	-17.30539000000	Clinic	
Shamva	31.57152938840	-17.29208000000	Clinic	
Shamva	31.57016944890	-17.32711000000	District Hospital	
Shamva	31.65769004820	-17.25022000000	Farm Health Clinic	
Shamva Gold Mine	31.56876945500	-17.31627000000	Clinic	
Tafuna	31.51815032960	-17.32889000000	Clinic	
Zvomanyanga	31.66214942930	-16.91072000000	Clinic	
Nyamaruro	31.41414000000	-16.95150000000	Rural Health Centre	
Nyamaropa	31.51339000000	-17.04933000000	Rural Health Centre	
Takawira	31.61624000000	-17.02528000000	Rural Health Centre	
Madziva Teacher's College	31.65505000000	-17.06193000000	Rural Health Centre	
Mupfurudzi	31.65780000000	-16.93440000000	Rural Health Centre	
mliti 	31.49090000000	-17.37390000000	Clinic	
chipoli 	31.68410000000	-17.24310000000	Clinic	
Banga	30.26968955990	-19.97475000000	Clinic	
Chikato	30.30253028870	-19.81733000000	Rural Health Centre	
Chironde	30.10330963130	-19.67347000000	Clinic	
Chitora	30.33897018430	-19.57206000000	Rural Health Centre	
Gundura	30.08336067200	-19.88494000000	Clinic	
Gwanza	30.38903045650	-19.78753000000	Rural Health Centre	
Hanke	30.16764068600	-19.65592000000	Clinic	
Jobolinko	30.28710937500	-19.68503000000	Clinic	
Marishongwe	30.01932907100	-19.87072000000	Rural Health Centre	
Zvamabande	30.13594055180	-19.80181000000	Rural Hospital	
Mazibisa	30.25642013550	-19.85550000000	Clinic	
Nhema	30.22019004820	-19.61906000000	Clinic	
Pakame	30.04083061220	-19.93808000000	Clinic	
Rockford	30.30810928340	-19.75194000000	Clinic	
Rusike	30.13622093200	-19.90139000000	Clinic	
Shurugwi	30.00116920470	-19.67286000000	District Hospital	
Svika	30.25432968140	-19.57464000000	Clinic	
Tana	30.30574989320	-19.88975000000	Rural Health Centre	
Tongogara	30.20760917660	-19.72044000000	Clinic	
Zvarota	30.22117042540	-19.55650000000	Rural Health Centre	
Dorset	29.81333000000	-19.95071000000	Clinic	
Peak Mine	30.01086000000	-19.71792000000	Clinic	
Chrome Mines	29.99334000000	-19.65205000000	Hospital	
Ironsides	30.00893000000	-19.67355000000	Clinic	
Makusha	29.99906000000	-19.67596000000	Clinic	
Bubude	27.81193923950	-20.10000000000	Clinic	
Jimila	27.73860931400	-19.49333000000	Clinic	
Kapane	27.51749992370	-19.26056000000	Not Open	
Madlamombe	27.50806045530	-19.77528000000	Clinic	
Makaza	27.19194030760	-17.94944000000	Clinic	
Mlagisa	27.66749954220	-19.15111000000	Rural Health centre	
Mtshayeli	27.08860969540	-18.35889000000	Clinic	
Nkunzi	27.88861083980	-20.10056000000	Rural Health centre	
Panedziba	27.57139015200	-19.46944000000	Clinic	
Pumula	27.09139060970	-19.59306000000	Mission Hospital	
Sipepa	27.65500068660	-19.28667000000	Rural Hospital	
Sodaka	27.08416938780	-19.39889000000	Rural Health centre	
T. Urban	27.75278091430	-19.76694000000	Clinic	
Tsholotsho	27.75527954100	-19.77278000000	District Hospital	
Bemba	27.27332000000	-19.45289000000	Conucil Not Open	
Sikente	27.35356000000	-19.78716000000	Clinic	
Chefunye	27.80185000000	-20.09030000000	Council Clinic(Construction)	
Samahuru	27.18993000000	-19.48617000000	Clinic	
Makaza	27.64581000000	-19.93546000000	Rural Health Centre	
Dlamini	27.40600000000	-19.49990000000	council clinic	
Shaba	27.72390000000	-20.04300000000	council clinic	
Bhekeni	28.80167007450	-20.01194000000	Rural Health Centre	
Clay Products	28.69499969480	-20.11028000000	Private Clinic	
Fair bridge	28.70000076290	-20.09917000000	Clinic	
Fingo	28.89417076110	-19.96750000000	Clinic	
Igusi	28.07416915890	-19.66111000000	Clinic	
Insuza	28.32722091670	-19.49306000000	Rural Health centre	
Ntabazinduna	28.84556007390	-19.97944000000	Clinic	
Nyamandlovu	28.26556015010	-19.85889000000	Hospital	
PMD	28.57666969300	-20.15528000000	Matebeleland North	
Unicem	28.68499946590	-20.11861000000	Private Clinic	
Redwood	28.41426000000	-19.73884000000	Clinic	
Muntu	28.00600000000	-19.91210000000	Clinic	
Mbembesi	28.32890000000	-19.49380000000	Rural Health Centre	
T.G Silundika	28.19230000000	-19.94870000000	Rural Health Centre	
St. James 	28.05530000000	-19.95050000000	Mission Clinic	
Muntu	28.00590000000	-19.91200000000	Rural Health Centre	
Khami D Clinic	28.39900000000	-20.06540000000	Prison Clinic	
Khami Medium Clinic	28.39260000000	-20.06170000000	Prison Clinic	
Mlondolozi	28.39530000000	-20.06380000000	Prison Clinic	
Khami Remand 	28.39620000000	-20.06620000000	Prison Clinic	
Khami Maximum	28.40280000000	-20.06660000000	Prison Clinic	
Khami Prison Staff clnc	28.40570000000	-20.06883000000	Prison Clinic	
Borera	31.97611045840	-17.02083000000	Clinic	
Chipfunde	31.93416976930	-17.22472000000	Clinic	
Chitimbe	31.78360939030	-17.45139000000	Clinic	
Chitsungo	32.07389068600	-16.94528000000	Clinic	
Dindi	32.08777999880	-16.88000000000	Mission Hospital	
Gaula	32.09917068480	-16.99611000000	Clinic(Not Open)	
Kafura	32.25278091430	-16.84306000000	Rural Health Centre	
Karimbika	32.01472091670	-17.31306000000	Rural Health Centre	
Katiyo	31.84056091310	-17.22250000000	Clinic	
Manyika	31.89611053470	-17.36028000000	Clinic	
Maramba	31.98500061040	-17.03667000000	Clinic	
Muskwe	31.97639083860	-17.40333000000	Clinic	
Mutawatawa	31.97389030460	-17.12139000000	District Hosptal	
Nhakiwa	31.80083084110	-17.37111000000	Clinic	
Nyakasoro	32.19194030760	-16.90250000000	Clinic	
Nyanzou	32.30472183230	-16.78028000000	Clinic	
Nyanzou	32.30472183230	-16.78028000000	Clinic	
Chikuhwa	31.84040000000	-17.22300000000	RHC	
Dewe  	32.46410000000	-16.78370000000	Clinic	
Marembera 	31.70670000000	-17.38990000000	RHC	
Mashambanhaka	31.82250000000	-17.27510000000	 Clinic	
Sowa 	32.09930000000	-16.99600000000	RHC	
Umzingwane High School	28.94167000000	-20.34218000000	School Clinic	
Mbalambala	29.03401000000	-20.45149000000	Army Clinic	
Mpisini	29.10956000000	-20.20814000000	Clinic	
Bota	31.40731048580	-20.62272000000	Clinic	
Bvukururu	31.43872070310	-20.10544000000	Clinic	
Chinyabako	31.55583000180	-20.30689000000	Clinic	
Chipinda	31.34071922300	-20.06892000000	Rural Health Centre	
Chiredzana	31.67089080810	-20.56889000000	Clinic	
Fuve	31.61763954160	-20.35083000000	Clinic	
Gumbo	31.40699958800	-20.23847000000	Clinic	
Harava	31.27368927000	-20.40028000000	Rural Health Centre	
Jerera	31.45138931270	-20.42467000000	Satelite Clinic	
Jichidza	31.26786041260	-20.30397000000	Rural Health Centre	
Jichidza	31.22244071960	-20.26978000000	Mission Clinic	
Zibwowa	31.55372047420	-20.45111000000	Clinic	
Zinguwo	31.37375068660	-20.47322000000	Clinic	
Mushaya	31.28597068790	-20.60228000000	Clinic	
Musiso	31.43993949890	-20.43994000000	Mission Hospital	
Ndanga	31.32192039490	-20.18517000000	Hospital	
Nyangambu	31.55538940430	-20.27308000000	Clinic	
Siyawareva	31.48619079590	-20.43864000000	Clinic	
Svuvure	31.55732917790	-20.55600000000	Rural Health Hospital	
Veza	31.31711006160	-20.38519000000	Clinic	
Mageza	31.16789000000	-20.32740000000	Rural Health Centre	
ARDA Sisi	30.42028045650	-16.89056000000	Council Clinic	
Ayrshire	30.43861007690	-17.03944000000	Council Clinic	
Banket	30.39583015440	-17.38333000000	District Hospital	
Caesal	30.68111038210	-17.27111000000	Mine Clinic	
Chambadzi	30.37999916080	-17.18056000000	Gold Mine Clinic	
Chirau	30.12417030330	-17.68167000000	Council Clinic	
Chivhere	30.03055953980	-17.66528000000	Gvt Clinic	
Crest Breeders	30.94111061100	-17.94139000000	Council Clinic	
Darwendale	30.54888916020	-17.72028000000	Rural Hospital	
Father Onea	30.38611030580	-17.79944000000	Mission Hospital	
Gwebi	30.85832977290	-17.67694000000	Gvt Clinic	
Inkomo	30.71833038330	-17.67083000000	Army Hospital	
Jari	30.03360939030	-17.73194000000	Council Clinic	
Jokwani	30.11556053160	-17.75417000000	Council Clinic(Construction)	
Kutama	30.42000007630	-17.73944000000	Council Clinic	
Kuwadzana	30.39472007750	-17.37639000000	Council Clinic	
ZIMPAM	30.50917053220	-17.84139000000	Private Hospital	
Zowa	30.04972076420	-17.80500000000	Council Clinic	
Masiyarwa	30.32999992370	-17.81111000000	Council Clinic	
Mthu	30.93471908570	-17.75806000000	Council Clinic	
Mupurubu	30.29083061220	-17.73194000000	Council Clinic	
Muriel	30.60000038150	-17.24556000000	Mine Clinic	
Murombedzi	30.20111083980	-17.70722000000	Private Clinic	
Mutorashanga	30.67638969420	-17.14667000000	Council Clinic	
Nyabika	30.81167030330	-17.67361000000	Council Clinic	
Raffingora	30.43055915830	-17.03694000000	Rural Hospital	
Sutton	30.59277915950	-17.40056000000	Mine Clinic	
TRBC	30.33333015440	-17.58389000000	Council Clinic	
Trelawney	30.45889091490	-17.54139000000	Council Clinic	
Vanad	30.71833038330	-17.08694000000	Mine Clinic	
Zvimba	30.19889068600	-17.69917000000	Rural Hospital	
Kemurara	30.11608000000	-17.75380000000	Rural Health Centre	
Mpinga Clinic	30.56607000000	-17.50907000000	Clinic	
Bannockburn	29.87302970890	-20.29022000000	Clinic	
Dadaya	29.90311050420	-20.33531000000	Mission Hospital	
Gudo	30.21932983400	-20.39072000000	Clinic	
Lundi	30.01794052120	-20.25819000000	Rural Hospital	
Mabasa	30.08669090270	-20.15469000000	Clinic	
Maketo	29.93444061280	-20.20569000000	Rural Health Centre	
Mapanzure	29.91963958740	-20.08956000000	Clinic	
Vugwi	30.18968963620	-20.47197000000	Rural Health Centre	
Vukuzenzele	29.87214088440	-20.26669000000	Rural Health Centre	
Matenda	30.05652999880	-20.00344000000	Rural Health Centre	
Mimosa	29.83839035030	-20.33686000000	Clinic	
Mtambi	30.28418922420	-20.46786000000	Clinic	
Murowa	30.38694000240	-20.53392000000	Clinic	
Zvishavane	30.05238914490	-20.30581000000	District Hospital	
Kandodo	30.04959000000	-20.31803000000	Clinic	
Mhondongori	29.79052000000	-20.27637000000	clinic	
Mhondongori	29.79052000000	-20.27637000000	Clinic	
Sabi Mine	30.13646000000	-20.39601000000	Clinic	
Mandava	30.06003000000	-20.30589000000	Rural Health Centre	
Highlands	30.06236000000	-20.29630000000	Clinic	
Weleza	30.11480000000	-20.23495000000	Rural Health Centre	
Maglas	30.06882000000	-20.31849000000	Clinic	
Shabanie Mine	30.06206000000	-20.32071000000	Hospital	
Mpilo	28.57080000000	-20.12740000000	Central Hospital	
Northern Surbabs 	28.59060000000	-20.12680000000	clinic	
UBH	28.61680000000	-20.16640000000	Central Hospital	
Premier Hillside 	28.61040000000	-20.18630000000	Hospital	
J.M Nkomo Ekusileni	28.62000000000	-20.18150000000	Hospital	
Ingutsheni	28.57660000000	-20.17970000000	Central Hospital	
Dr. Shennan 	28.56740000000	-20.18980000000	Clinic	
Nketa	28.53400000000	-20.20030000000	Clinic	
24-Hr Medical centre	28.52770000000	-20.19590000000	Clinic	
Nkulumane	28.52020000000	-20.18890000000	Clinic	
Maqhawe	28.50090000000	-20.18250000000	Clinic	
Tshaballa	28.53580000000	-20.17440000000	Clinic	
Magwegwe	28.50840000000	-20.13690000000	Clinic	
Pumula 	28.48030000000	-20.14230000000	Clinic	
Pumula South	28.47890000000	-20.16220000000	Clinic	
Luveve	28.51180000000	-20.11370000000	Clinic	
Emakhandeni	28.52490000000	-20.11850000000	Clinic	
Cowdray Park	28.50870000000	-20.07980000000	Clinic	
Thembani	28.51930000000	-20.07810000000	Clinic	
Magwegwe North	28.49510000000	-20.12220000000	Clinic	
Ambrose	28.54360000000	-20.13660000000	Hospital	
Njube	28.53290000000	-20.13450000000	Clinic	
Pelandaba	28.52770000000	-20.14660000000	Clinic	
Marondera	28.56580000000	-20.13740000000	Clinic	
Entumbane	28.54350000000	-20.12070000000	Clinic	
Entumbane 	28.54060000000	-20.12830000000	Clinic	
Mzilikazi	28.56960000000	-20.13950000000	Clinic	
Martar-Dei	28.59650000000	-20.18280000000	Hospital	
Princess Margaret	28.58980000000	-20.15590000000	Clinic	
Thorngrove	28.55590000000	-20.14720000000	Clinic	
E.F Watson	28.54500000000	-20.14330000000	Clinic	
H&SC	28.58080000000	-20.16470000000	Clinic	
Mpopoma	28.54220000000	-20.14460000000	Clinic	
Mwenezana	30.625022	-21.3625022	Clinic	
Chivi	30.507307	-20.314247	District Hospital	
Cheshuro	31.035245	-19.843855	Clinic	
Deure II	31.95138	-20.247192	Clinic	
Nyakunhuwa	31.359695	-20.460264	Clinic	
Nemauku	31.367537	-20.281069	Clinic	
Nhema	31.544249	-20.272823	Clinic	
Mutimurefu	31.037316	-20.104089	Clinic	
Makurira	30.830665	-20.074458	Clinic	
Zimuto BC	30.864467	-19.856462	Clinic	
Chimanimani Urban	32.872205	-19.802964	Clinic	
Chipinge Town 	32.625347	-20.19111	Clinic	
Chiriga	32.608623	-20.276047	Rural Health Centre	
Muswera	32.605458	-20.334519	Clinic	
Tuzuka	32.484827	-20.541155	Rural Health Centre	
Takwirira	32.232564	-20.876273	Clinic	
Bingaguru	32.377826	-18.210936	Rural Health Centre	
Chinyika 2	32.289355	-18.143585	Rural Health Centre	
Chinangwe	32.75297	-18.457824	Clinic	
Bromley	31.32120000000	-18.08010000000	RHC	
MRDC	31.59070000000	-18.15660000000	Mobile Clinic	
NTBRL	28.57290745	-20.1274105		
Thorngrove	28.59705802	-20.1804545		
Diagnostic Laboratories Services Mater Dei	28.59707948	-20.180525		
cimas	28.58836271	-20.15620881		
UBH Central Hospital	28.61627896	-20.16530517	Hospital	
Mpilo Central Hospital	28.5698588	-20.12591925	Hospital	
Emakhandeni Clinic	28.52558553	-20.11810477	Clinic	
Magwegwe Clinic	28.5080936	-20.13665607	Clinic	
Nketa Clinic	28.53447542	-20.19987031	Clinic	
Pumula South Clinic	27.09139061	-19.59306	Clinic	
WILKINS infectious Hospital	31.03041776	-17.81955735	Hospital	
Seke North clinic	31.10525144	-18.01494363	Clinic	
Seke South Clinic	31.07714417	-18.03080486	Clinic	
ZRP Support Camp	31.19056909	-17.81099549		